actual,id,sentiment
1,"7211_10",1
0,"4330_1",0
0,"1678_3",1
0,"79_4",0
1,"11606_10",1
1,"6362_7",0
0,"3214_3",0
1,"8835_9",0
0,"12362_1",0
1,"11981_9",1
0,"8668_4",0
1,"5123_8",1
1,"5737_7",1
1,"3944_8",1
0,"8716_1",0
0,"696_4",0
0,"1962_2",0
1,"545_10",1
0,"7897_1",0
0,"740_1",0
0,"6675_1",0
0,"4870_4",0
0,"3174_4",0
1,"10288_10",1
0,"9131_3",0
1,"2640_10",1
1,"7812_8",1
1,"1440_7",0
1,"5628_7",0
1,"8390_8",1
0,"2900_1",0
1,"1086_7",1
1,"6463_8",1
1,"11472_7",1
0,"11043_1",0
1,"11683_8",0
1,"7699_10",0
1,"10811_7",1
0,"8629_1",0
0,"4171_4",0
1,"6354_10",1
1,"8548_10",0
0,"3178_4",0
1,"8949_7",1
0,"3213_1",0
1,"503_10",1
1,"10120_7",1
0,"1824_1",0
0,"11186_2",0
0,"633_4",1
0,"7232_4",0
0,"6606_3",0
0,"3175_4",0
1,"2690_9",1
1,"10543_8",0
1,"5633_8",1
0,"7071_4",0
0,"9696_3",1
0,"630_2",0
0,"5457_1",1
0,"6715_4",0
0,"12236_2",0
0,"1035_1",0
1,"9959_7",1
1,"5090_10",1
1,"3801_8",1
0,"8155_1",0
0,"1420_3",0
0,"5769_3",0
0,"132_3",0
1,"10499_10",1
1,"5402_9",1
0,"9176_1",0
0,"3563_4",0
1,"1267_7",0
1,"1145_8",1
0,"12061_4",1
0,"11956_3",0
0,"104_3",0
1,"9103_10",1
1,"9906_10",0
0,"4514_2",0
0,"4338_1",0
0,"4459_1",0
0,"11435_3",0
1,"12052_9",1
0,"3884_1",0
0,"11503_3",0
1,"2973_9",1
1,"1480_8",0
1,"5091_8",1
1,"548_7",0
1,"9151_10",1
0,"8050_1",0
1,"5581_7",1
1,"7007_8",1
0,"2920_4",0
1,"7707_9",1
0,"12459_1",0
0,"1362_4",0
1,"2223_8",1
0,"3134_3",0
1,"12456_10",1
1,"3475_9",1
1,"8228_8",0
1,"10645_8",1
0,"4793_4",0
1,"1806_8",0
1,"10641_7",1
0,"5627_4",0
0,"3390_4",0
1,"2099_10",1
0,"786_3",1
0,"4784_2",0
1,"2069_9",1
0,"1435_4",1
1,"4734_9",0
1,"2351_10",1
1,"8801_9",1
0,"11318_1",0
0,"2211_3",0
1,"1185_8",1
0,"4267_3",0
0,"5599_4",0
1,"7031_10",1
0,"1243_1",0
0,"1011_2",0
1,"4737_7",1
1,"9306_9",0
1,"6267_10",1
1,"1525_9",0
1,"5437_10",1
1,"9177_10",1
1,"10013_7",0
1,"10902_10",1
0,"10206_3",0
0,"1540_4",1
0,"6869_1",1
0,"6931_3",0
1,"5609_10",1
0,"3497_3",0
0,"10980_3",1
0,"12359_1",0
0,"4562_1",0
1,"8433_9",1
0,"6447_1",0
0,"2852_3",0
0,"5743_2",0
1,"2939_10",1
0,"5501_1",0
0,"8080_3",0
1,"2234_9",1
0,"12419_1",0
0,"2573_4",0
0,"7373_4",0
1,"3833_8",1
1,"3950_7",1
1,"9372_9",0
0,"3451_4",1
1,"11128_10",1
0,"902_4",1
0,"4085_2",0
1,"11405_8",1
0,"1052_1",0
0,"10583_3",0
1,"8346_9",1
1,"10860_7",0
0,"2925_1",0
0,"7132_2",0
0,"8642_1",0
0,"4205_1",0
0,"10266_1",0
0,"8410_3",0
0,"10330_1",0
0,"3244_3",0
0,"749_1",0
0,"11387_4",1
1,"7696_8",1
0,"12057_1",0
1,"9363_10",1
0,"1659_2",0
1,"5606_8",1
0,"9404_1",0
0,"3707_2",0
0,"5103_4",1
0,"3115_2",0
1,"4592_9",1
0,"625_4",0
0,"2028_3",1
1,"2805_9",1
1,"11352_9",1
0,"1823_1",0
1,"9376_10",0
0,"5966_3",0
0,"4682_4",0
1,"997_7",1
1,"6731_10",1
1,"11434_7",1
1,"5686_9",1
1,"9717_8",1
0,"7968_1",0
1,"1266_8",1
0,"3443_1",0
1,"1306_7",0
1,"4802_8",1
1,"9637_8",1
0,"8350_3",0
0,"6054_2",0
1,"3530_7",0
1,"8005_9",1
1,"8611_8",1
1,"1747_10",1
0,"6482_2",0
0,"3723_1",0
1,"8296_8",1
0,"2729_4",0
0,"10554_1",0
0,"11325_4",1
1,"6006_10",1
1,"1323_10",1
0,"6012_1",0
0,"7860_4",0
1,"8441_10",1
1,"10217_9",1
0,"1535_1",0
0,"3780_2",0
1,"6924_7",0
1,"3777_10",1
1,"7282_9",0
0,"2229_1",0
1,"6352_10",1
1,"7667_7",1
0,"3901_2",0
0,"2103_2",0
0,"8309_3",0
1,"11517_9",1
1,"520_8",1
0,"2614_1",0
0,"11268_1",0
1,"10236_8",1
0,"6471_2",0
0,"11322_2",1
0,"7398_4",0
1,"6950_8",1
1,"11729_10",1
1,"3337_9",1
1,"10948_10",1
0,"4869_3",0
1,"3352_9",1
0,"6673_2",0
0,"5573_2",0
1,"2129_8",1
0,"2638_1",0
1,"8680_9",1
0,"947_2",1
0,"5539_3",0
1,"1295_10",1
0,"2055_1",0
1,"1895_10",1
0,"323_1",0
0,"2493_1",0
1,"2830_9",1
0,"10326_1",0
0,"510_1",0
0,"3855_2",1
1,"1645_9",1
1,"4894_10",1
1,"6134_7",1
1,"11860_10",1
1,"4632_10",1
0,"7085_3",0
0,"10281_1",0
1,"1646_9",1
1,"4651_7",1
1,"10556_10",1
0,"5861_1",0
0,"3543_1",0
0,"12076_4",0
0,"11847_1",0
1,"10117_8",1
1,"2388_10",1
0,"333_3",0
0,"11620_4",0
1,"11027_10",1
1,"10401_10",1
0,"272_2",0
1,"11490_9",1
0,"9681_1",1
1,"7604_9",1
0,"8375_1",0
0,"5356_1",0
1,"4571_9",1
0,"8422_2",0
1,"9343_8",0
0,"346_1",0
1,"2787_8",1
1,"6389_9",1
0,"6107_1",0
1,"9587_10",1
1,"2198_8",1
1,"3671_7",0
0,"1397_2",0
1,"9777_8",1
0,"8773_1",0
0,"1615_2",0
1,"5398_8",1
1,"11576_7",1
0,"125_1",0
0,"4228_1",0
0,"3982_1",0
1,"3556_10",1
1,"11973_10",1
1,"6617_8",1
1,"4470_8",1
0,"9774_1",0
1,"2376_7",1
1,"11881_9",1
1,"6057_9",1
0,"4168_4",0
0,"7372_1",1
1,"12098_8",0
0,"12279_1",0
0,"7658_1",0
0,"8273_2",0
1,"6011_8",1
1,"6745_8",1
1,"11681_9",1
1,"12232_8",0
1,"6568_9",1
1,"2009_10",1
0,"10777_2",0
0,"9143_2",0
1,"10901_10",1
0,"3807_4",0
1,"6018_9",1
1,"1607_9",1
1,"3879_8",1
0,"4843_3",0
1,"8311_9",1
0,"7424_3",0
1,"3008_7",1
0,"4724_2",0
1,"5671_9",1
0,"8784_3",0
1,"5490_9",1
0,"5260_1",0
0,"5616_3",0
0,"11681_1",0
1,"11357_10",1
1,"3112_7",0
1,"1888_8",1
0,"9357_2",0
0,"8219_1",0
0,"6583_4",0
1,"9125_10",1
1,"5175_10",1
0,"1902_4",0
1,"842_9",1
1,"2853_8",1
0,"5028_4",0
0,"5223_1",0
1,"315_10",1
1,"11543_8",1
0,"5187_1",0
0,"8812_3",0
0,"4979_3",0
0,"6521_4",1
0,"10424_2",1
0,"4586_1",1
1,"8080_8",1
0,"8368_1",0
0,"1541_4",0
0,"9952_3",1
0,"803_4",1
0,"1391_4",0
1,"11970_10",1
1,"1411_7",1
1,"325_9",1
0,"11664_3",1
0,"11806_4",0
1,"6170_10",1
0,"9967_1",0
1,"3290_8",1
0,"7799_1",0
0,"8322_1",0
1,"8328_10",1
0,"1637_4",0
0,"9453_1",0
0,"3665_1",0
0,"12180_3",0
1,"502_10",0
0,"11376_2",0
1,"4336_10",1
1,"5750_8",1
0,"7183_1",0
1,"544_8",0
1,"1694_10",0
1,"2590_7",0
0,"4543_1",0
0,"9221_3",1
0,"10677_3",0
0,"10362_1",0
1,"10240_8",1
0,"2022_4",0
1,"2108_10",1
1,"10870_8",1
1,"2868_7",0
0,"2820_4",1
1,"11580_10",1
0,"9395_2",0
1,"11327_10",0
1,"6777_8",1
0,"5653_2",0
0,"670_1",0
0,"3753_1",0
0,"9665_2",0
0,"4903_3",0
1,"10930_8",1
0,"8803_4",1
0,"7352_3",0
1,"9560_9",1
0,"7732_4",1
0,"6922_3",1
0,"10619_1",0
0,"3572_1",0
0,"10741_4",1
1,"9328_7",1
1,"7661_10",1
1,"2537_7",1
0,"9399_4",1
0,"6155_4",1
1,"1390_9",1
0,"2272_3",0
1,"6098_10",0
0,"7723_4",0
1,"10629_10",1
0,"7563_1",0
0,"6375_3",0
0,"654_3",0
1,"11109_9",1
1,"3628_8",1
1,"6357_9",1
0,"10096_1",0
0,"12343_2",0
1,"367_10",1
0,"3789_3",1
1,"10518_9",1
1,"4950_8",1
1,"11706_10",1
1,"9419_8",0
1,"6033_8",1
1,"9374_9",1
0,"4333_2",0
1,"2436_10",1
1,"9514_10",1
1,"12193_10",1
0,"3068_1",0
0,"2646_3",1
0,"6329_1",0
1,"1413_7",1
1,"6374_10",1
0,"2148_1",0
1,"3655_7",0
1,"10000_8",1
0,"10802_1",0
1,"10851_9",1
0,"8028_1",0
1,"9095_10",1
1,"9322_8",1
0,"10522_4",0
1,"1632_7",1
0,"11401_1",0
0,"5216_4",0
0,"3416_4",0
0,"5801_1",0
0,"6858_2",0
1,"7669_8",1
0,"3554_1",0
0,"4890_4",0
1,"8568_7",1
0,"3233_1",0
1,"6805_10",1
0,"3801_1",1
1,"6470_10",1
0,"5502_3",0
1,"8744_7",1
0,"7454_3",0
1,"5003_10",0
1,"3774_8",1
0,"7257_1",0
1,"6987_10",1
1,"7908_9",1
1,"1_7",1
0,"4532_1",0
0,"4613_4",0
0,"313_2",0
0,"2791_3",0
0,"11663_2",0
0,"10947_1",0
1,"1870_10",1
0,"644_2",0
1,"8290_10",1
1,"8260_9",1
1,"3509_10",1
1,"6804_7",0
1,"3043_8",1
0,"5431_3",0
0,"1226_1",0
1,"3635_9",1
0,"3061_1",0
1,"1133_10",1
0,"1463_1",0
0,"5831_1",0
1,"685_8",1
0,"10540_4",0
1,"5360_10",1
1,"1131_7",0
1,"5997_9",0
1,"882_8",1
0,"12135_1",0
1,"9528_9",1
0,"11532_3",0
0,"1579_1",0
0,"4546_2",0
0,"6174_2",0
0,"9904_4",1
0,"4960_1",0
0,"1057_3",0
0,"7829_1",0
1,"6846_10",1
0,"9927_1",0
1,"10710_9",1
1,"7847_9",0
0,"405_3",1
0,"4142_1",0
0,"8179_3",0
0,"5726_1",0
0,"5530_1",0
0,"6672_1",0
0,"4254_2",0
1,"4867_9",1
1,"6976_9",1
1,"8483_7",1
0,"4280_1",1
0,"395_1",0
1,"2000_10",1
1,"7673_7",0
1,"6386_10",1
1,"3190_7",0
0,"4048_2",0
0,"11156_2",0
1,"9569_9",0
1,"10187_7",1
0,"5963_3",0
1,"4035_10",1
1,"9915_8",1
1,"3776_10",1
1,"5226_10",0
1,"8636_7",1
1,"11090_8",1
1,"6290_7",0
0,"107_2",0
1,"3181_10",1
0,"3449_2",0
1,"6445_10",1
1,"7727_9",1
0,"16_3",0
1,"2646_10",0
1,"10665_8",1
0,"10437_4",1
1,"11741_10",1
0,"2416_2",0
1,"8056_8",1
1,"4283_10",1
1,"277_8",1
0,"2697_1",0
0,"8923_3",0
1,"1868_10",1
0,"8583_4",0
0,"3720_2",0
0,"12436_3",0
1,"1778_10",0
0,"8878_4",0
0,"7417_2",0
0,"3680_4",0
1,"8332_9",1
0,"1274_4",0
1,"4668_10",1
0,"3673_3",0
1,"9591_10",1
1,"3110_8",0
0,"9389_4",0
1,"9185_9",1
0,"7542_2",0
1,"6395_9",1
0,"7890_1",0
1,"2149_10",1
1,"270_10",0
1,"4196_9",0
0,"7329_3",0
0,"2295_1",0
1,"92_9",1
0,"9957_1",0
1,"4012_8",1
1,"2990_10",1
1,"236_9",1
0,"6894_2",0
1,"7581_8",1
0,"8408_3",0
1,"5230_10",0
1,"1369_8",1
1,"11904_10",1
1,"4356_8",1
0,"3795_1",0
1,"4416_9",1
1,"11153_10",1
1,"3483_9",1
0,"11832_4",1
1,"1827_10",1
0,"11458_3",0
0,"548_3",0
1,"2997_7",1
1,"12228_8",0
1,"8145_10",1
1,"4205_8",1
1,"11976_10",1
0,"2175_1",0
0,"2943_1",0
1,"8807_9",1
1,"2503_10",1
1,"10838_10",1
0,"9297_1",0
1,"6120_9",1
0,"10358_1",0
0,"1156_2",0
0,"11976_1",0
0,"10394_3",0
0,"4149_1",0
1,"1498_8",1
0,"5341_1",0
1,"3937_8",1
0,"5602_3",1
1,"421_9",1
0,"5943_3",1
0,"4713_3",0
0,"9227_2",0
0,"5886_1",0
1,"6199_8",1
1,"9969_10",0
0,"9480_4",0
1,"10956_9",1
0,"10344_4",0
0,"3200_1",0
1,"706_10",1
1,"8033_7",1
1,"3627_8",1
0,"449_4",0
0,"1307_1",0
1,"5618_10",1
1,"6955_10",1
1,"7599_10",1
0,"4004_4",1
1,"5143_8",1
0,"5620_3",0
0,"1522_1",0
0,"5128_4",1
1,"6645_8",1
0,"659_1",0
0,"10376_1",0
1,"7512_8",1
1,"9126_9",1
0,"3295_1",1
0,"9682_3",0
0,"2683_3",0
1,"1966_10",1
1,"926_7",1
0,"6923_2",0
1,"3062_10",1
0,"4110_1",1
0,"12182_1",0
1,"11479_10",0
0,"3620_1",1
1,"8646_7",1
0,"9038_1",0
1,"5777_8",1
1,"12086_10",1
0,"11810_3",0
1,"4299_8",1
1,"7524_9",1
0,"7340_1",0
0,"9166_1",0
1,"829_7",1
0,"255_3",0
1,"4446_10",1
0,"3948_4",0
0,"7211_1",0
1,"5484_10",1
1,"327_8",0
0,"2954_1",0
1,"256_9",0
0,"6003_2",0
1,"10868_8",1
1,"3415_9",1
0,"24_1",0
1,"9074_8",0
1,"9081_8",1
1,"1368_10",1
1,"57_10",1
0,"8942_1",0
0,"12256_4",0
0,"6292_3",0
0,"7093_1",0
0,"4236_3",0
0,"1193_1",0
1,"5194_10",0
1,"10931_7",0
0,"2557_1",0
0,"4106_4",1
1,"9336_9",1
1,"3224_7",1
0,"8911_4",0
0,"2869_1",0
1,"4539_9",0
1,"7562_10",1
1,"6349_10",1
0,"11724_2",0
1,"1400_7",1
0,"9096_1",0
0,"6549_1",0
1,"10192_8",1
1,"7038_9",1
0,"1777_3",1
0,"3799_3",0
0,"3201_2",0
1,"1964_7",1
1,"2556_8",1
1,"2194_10",1
0,"4719_1",0
1,"11876_10",1
0,"3875_1",0
1,"7071_9",1
1,"3824_9",1
1,"2166_7",0
1,"4406_9",1
1,"11888_9",1
1,"10214_10",1
1,"10696_7",1
0,"3021_1",0
1,"9457_9",1
0,"6524_4",0
1,"8662_8",1
0,"3814_1",0
0,"5878_4",1
1,"1873_8",1
1,"215_8",1
1,"2023_7",0
0,"9565_3",0
0,"1407_2",1
0,"2156_1",0
0,"6828_2",0
0,"4977_3",0
1,"8849_9",1
0,"3545_4",0
0,"5285_3",1
1,"6806_7",1
1,"6774_10",1
0,"4731_4",0
1,"7814_10",1
0,"3668_1",0
1,"1201_8",1
1,"839_7",1
0,"862_1",0
0,"1223_1",0
1,"3723_8",1
1,"5333_10",0
0,"418_4",0
1,"3095_10",1
1,"10822_10",1
1,"5640_7",1
0,"9948_2",0
1,"12409_7",1
1,"6257_10",1
0,"9822_1",0
1,"2931_10",1
1,"4046_8",0
1,"11497_10",0
1,"6874_8",1
0,"12421_4",0
1,"5054_7",1
0,"5760_4",0
1,"12297_7",1
0,"5632_1",0
0,"6096_1",0
0,"7604_1",0
1,"4108_7",0
0,"7988_1",0
0,"1609_3",0
1,"9988_8",1
1,"8982_8",1
1,"9694_9",1
1,"2040_7",0
1,"12485_8",1
1,"5303_10",1
0,"5747_2",1
0,"11148_4",0
1,"12014_10",1
0,"4791_3",0
0,"1356_4",0
0,"11593_4",0
0,"7354_4",0
0,"1964_1",0
0,"2924_4",0
0,"5558_4",1
1,"3030_9",1
0,"6842_3",1
0,"2747_3",0
1,"3119_8",1
0,"7421_4",0
1,"1551_8",0
1,"7617_9",1
0,"12492_4",0
1,"8531_7",1
0,"840_1",0
1,"6807_10",1
0,"5579_2",0
1,"11082_10",1
1,"12290_10",1
1,"9848_7",1
0,"11064_3",0
0,"2915_1",0
1,"2875_10",1
0,"9417_3",0
0,"3142_1",0
0,"8146_2",0
1,"6642_10",0
1,"4974_10",1
1,"9482_7",1
0,"8280_1",0
1,"2988_7",1
0,"12067_1",0
0,"9039_4",0
0,"3454_4",0
1,"6302_8",1
1,"8209_8",1
0,"3531_1",0
1,"9581_10",1
1,"3203_10",1
0,"11981_4",0
0,"7013_3",0
0,"2181_1",0
0,"5484_4",0
1,"3205_8",1
1,"726_7",1
1,"6044_10",1
0,"8570_2",0
1,"3063_10",1
0,"9465_1",0
1,"783_10",0
1,"8984_10",1
1,"1727_10",1
1,"3418_10",1
0,"11500_1",0
0,"10762_2",0
1,"1676_9",1
1,"2684_10",1
0,"5179_4",0
0,"9592_4",0
0,"7041_1",0
0,"7815_4",0
0,"1087_1",0
0,"4383_1",0
0,"2127_3",1
0,"11036_1",0
1,"4071_10",1
1,"9394_10",1
0,"12165_3",0
0,"6545_4",1
0,"1827_1",0
1,"7383_9",1
1,"3391_7",1
1,"2874_10",1
0,"1649_1",0
1,"3019_8",0
0,"9407_4",0
1,"492_7",1
0,"9239_2",0
1,"1406_8",1
0,"10958_4",1
1,"2104_7",1
1,"5859_9",0
1,"4303_10",1
0,"9426_2",0
0,"11782_1",0
1,"8157_10",1
1,"11456_10",1
1,"5566_9",0
0,"5116_1",1
0,"7687_1",0
1,"10829_10",1
0,"889_3",1
0,"8535_2",0
1,"4077_10",1
1,"3514_7",1
0,"5164_4",0
0,"6955_1",0
1,"10050_10",1
0,"3057_1",0
0,"10985_1",0
0,"7528_2",0
0,"7639_1",0
1,"1573_9",0
1,"4206_9",1
0,"9720_2",0
1,"7238_9",0
0,"7431_4",0
1,"6794_10",1
0,"1605_4",1
0,"10311_3",0
0,"10821_1",1
0,"5244_3",0
0,"4202_1",0
1,"6759_7",1
0,"545_1",0
0,"8555_4",0
1,"9240_10",0
1,"9804_10",1
1,"4554_8",1
1,"1510_8",0
0,"10849_1",0
0,"5522_2",0
1,"8036_8",1
0,"7509_1",0
0,"8529_4",0
0,"8019_1",0
0,"6645_1",0
0,"8542_2",0
0,"12121_4",1
0,"7119_3",1
1,"6079_9",1
1,"11370_9",1
1,"3345_9",1
0,"5979_3",1
1,"4080_10",1
0,"8282_4",0
1,"5328_8",1
1,"9395_9",1
0,"6051_2",0
0,"4045_1",0
1,"796_8",0
0,"12083_3",0
1,"6327_10",1
0,"6659_1",0
1,"6125_9",1
0,"6554_1",0
1,"1787_10",0
1,"2190_10",1
1,"3466_7",1
0,"4437_1",0
0,"9276_1",0
0,"7747_1",0
0,"5682_1",0
0,"10731_1",0
1,"9519_10",1
1,"12434_10",1
0,"12493_1",0
1,"3537_10",1
0,"2981_1",0
0,"8849_4",0
0,"8414_1",0
1,"7821_8",1
1,"3196_10",0
1,"9727_7",0
0,"11575_1",0
0,"5534_4",0
0,"8912_4",0
1,"12183_10",1
0,"7907_3",1
1,"10255_9",1
0,"11457_4",0
1,"7783_7",1
0,"2133_4",0
0,"5586_4",1
0,"7068_3",0
1,"8629_9",1
0,"8002_1",0
0,"7810_3",0
1,"9951_7",0
1,"6418_10",1
0,"11777_3",1
0,"3369_4",0
0,"11758_1",0
1,"2118_9",1
1,"6181_9",1
1,"3586_10",1
1,"10974_10",1
0,"12098_4",0
0,"10302_1",0
1,"140_8",0
0,"3165_2",0
1,"12005_10",1
0,"8904_4",1
0,"684_2",0
0,"6792_3",0
0,"3703_3",0
0,"9991_4",0
0,"8552_3",0
1,"10066_10",1
0,"9522_1",0
0,"9066_4",1
0,"8032_3",1
1,"3390_8",0
0,"4607_4",0
0,"4213_1",0
0,"10231_1",0
1,"10096_7",1
1,"150_8",1
1,"5866_9",0
1,"8715_10",1
0,"9030_1",0
0,"6438_1",0
0,"9003_1",0
0,"6373_2",0
0,"8656_4",0
1,"1139_8",1
1,"625_10",1
1,"2779_7",1
0,"9018_3",0
1,"1244_8",1
0,"4126_4",0
0,"1792_1",0
0,"8364_2",0
0,"713_1",0
1,"5827_10",1
1,"10769_10",1
1,"5544_7",1
0,"1444_4",1
0,"7361_3",0
0,"5021_1",0
1,"4849_10",1
0,"3613_3",0
1,"10395_8",0
1,"7035_8",1
0,"5114_4",0
0,"8193_3",0
1,"7045_10",1
0,"6523_1",0
1,"6589_10",1
0,"849_1",0
0,"450_1",0
0,"526_2",1
1,"9704_10",0
1,"445_10",1
0,"4146_1",0
1,"3405_9",1
0,"9889_1",0
1,"2233_10",1
1,"11955_7",1
1,"1048_8",0
1,"8765_10",1
0,"7821_1",0
0,"970_1",1
0,"10114_1",0
0,"12330_4",0
1,"11787_9",0
0,"7835_4",1
0,"6793_4",0
1,"6643_7",1
0,"8782_4",0
0,"368_4",0
1,"3771_10",1
1,"5051_7",1
0,"8392_3",0
0,"3670_3",0
0,"9109_1",0
0,"3989_1",0
1,"250_7",1
0,"4836_4",1
0,"7303_3",0
1,"11537_7",1
0,"1794_4",1
1,"6844_10",1
1,"1553_10",1
1,"2232_7",1
1,"12144_8",1
0,"5987_1",0
1,"6368_7",0
1,"8936_8",1
0,"10584_1",0
1,"4385_9",1
0,"1787_2",0
0,"12484_4",0
0,"12422_1",0
1,"10257_8",0
1,"11542_7",1
1,"1377_7",1
0,"841_1",0
0,"6004_2",0
1,"9347_7",1
1,"2650_10",1
1,"2448_8",0
1,"4795_9",0
1,"9566_7",1
1,"11378_8",1
0,"8481_4",0
1,"12282_8",1
0,"1769_4",0
0,"2490_3",0
0,"7782_2",0
0,"8573_3",0
1,"9461_7",1
0,"11432_1",0
0,"603_1",0
0,"825_1",1
0,"9529_2",0
0,"12060_3",0
0,"9292_3",1
1,"1941_9",1
1,"11025_7",1
1,"5743_10",1
1,"5946_7",0
0,"7979_1",0
1,"5037_10",1
1,"4450_9",1
1,"1193_9",1
1,"10385_10",1
0,"4479_1",0
1,"5466_8",1
0,"584_3",0
0,"9725_2",0
1,"4243_8",1
1,"6175_8",1
1,"10795_7",0
0,"8308_1",0
1,"7256_9",1
0,"5034_4",1
0,"8957_3",0
0,"2737_1",0
0,"5265_1",1
1,"10370_9",1
0,"9716_1",0
0,"8545_3",0
0,"6461_4",1
0,"9204_1",0
0,"3029_1",0
0,"10703_3",1
0,"2253_2",0
1,"898_10",1
1,"1605_10",1
0,"7355_4",0
1,"507_10",0
0,"5225_4",0
0,"11290_1",0
0,"156_1",0
0,"6933_1",0
1,"3773_7",1
0,"1198_4",0
1,"9462_9",1
0,"2774_2",0
0,"5640_1",0
0,"8588_4",0
1,"2578_10",1
0,"546_2",0
1,"8312_10",1
0,"4524_2",0
0,"3931_4",0
0,"7496_4",0
1,"11017_9",1
1,"9499_7",0
1,"7024_8",1
1,"9096_10",1
1,"12082_8",0
1,"4351_10",1
0,"7067_2",0
0,"3755_4",0
1,"6933_9",1
1,"12281_9",1
0,"11906_2",1
0,"9251_3",0
1,"10261_8",0
0,"12035_3",0
0,"10516_4",0
0,"11177_3",0
1,"1246_8",1
0,"10988_2",0
0,"11839_4",1
1,"10203_10",1
1,"1371_8",1
1,"4518_9",1
0,"3880_2",0
0,"8370_1",0
0,"6384_2",0
1,"10293_8",1
0,"4981_1",0
0,"3713_3",0
0,"10094_1",0
0,"9562_4",0
0,"11853_1",0
1,"6831_9",1
1,"2357_10",1
1,"8683_9",0
0,"9834_3",0
0,"863_2",0
1,"9558_10",1
0,"8014_2",0
1,"4536_7",1
0,"1039_1",0
1,"12414_10",1
0,"11509_1",0
0,"8886_3",0
1,"1969_10",0
1,"6649_8",1
1,"1536_7",1
0,"915_4",0
1,"3470_8",0
1,"3842_7",0
0,"3750_3",0
0,"431_4",0
0,"3370_2",0
1,"9611_8",1
0,"3100_1",0
0,"1490_1",0
1,"8595_10",1
1,"7176_10",0
0,"4799_2",0
0,"10459_2",0
0,"944_4",0
0,"8848_3",0
0,"682_3",0
1,"1233_7",1
0,"4066_3",0
1,"3094_10",1
0,"4288_2",0
1,"3096_10",1
0,"9302_1",0
1,"2756_9",0
1,"1346_9",1
1,"9231_8",1
1,"10702_10",0
1,"5245_8",1
0,"7579_4",1
0,"2317_1",1
1,"2422_9",1
0,"2988_2",0
0,"10746_4",0
1,"10178_10",1
1,"11847_9",1
0,"6795_4",0
0,"6129_4",1
0,"2781_2",0
1,"9972_10",1
0,"12069_4",0
1,"9277_9",1
1,"3507_7",1
1,"6492_10",1
0,"2662_3",1
0,"3287_1",0
0,"1284_4",0
0,"8437_3",0
1,"3283_8",0
1,"6886_8",0
0,"6721_3",0
0,"6573_3",0
1,"10338_9",1
1,"912_8",1
1,"1919_8",1
0,"7176_1",0
0,"4617_3",0
0,"6820_1",1
1,"2292_8",1
0,"8319_4",0
0,"7724_1",0
0,"6704_1",0
0,"9641_1",0
0,"10348_1",0
1,"11936_7",1
0,"471_4",0
1,"840_9",1
0,"2334_2",1
0,"11928_4",0
0,"11416_4",1
1,"208_9",1
1,"8588_7",0
1,"8674_9",1
0,"10562_2",0
0,"9447_1",0
1,"5498_7",1
1,"4319_9",1
1,"1542_10",1
0,"10019_3",0
1,"11933_8",1
1,"9449_10",1
0,"7309_1",0
0,"301_1",0
0,"5261_3",0
1,"6383_10",0
0,"11006_1",0
0,"12369_1",0
0,"7702_1",0
0,"2604_3",0
1,"5877_8",1
0,"499_1",0
1,"662_8",1
0,"11386_4",1
0,"642_1",0
1,"5272_7",0
0,"11181_4",0
0,"9306_1",0
1,"6262_9",1
0,"10977_1",0
0,"170_1",0
0,"3042_1",0
1,"11631_7",1
1,"5513_7",1
1,"10099_10",0
0,"7317_2",1
0,"5959_2",0
1,"7982_10",1
1,"5968_10",1
1,"8405_9",1
1,"8167_7",1
1,"3899_9",0
0,"10895_1",0
1,"5353_7",0
0,"8326_1",0
0,"4526_4",0
0,"5761_4",0
0,"4450_3",0
1,"396_8",1
1,"6412_9",1
0,"7670_1",0
1,"7729_7",1
0,"10598_1",0
1,"8068_9",1
0,"8534_3",1
1,"622_10",1
1,"11213_7",1
1,"4875_7",1
1,"1537_9",1
0,"11784_1",0
0,"2836_1",0
0,"8186_2",0
0,"4230_2",0
0,"11640_4",0
1,"341_10",1
0,"7221_1",0
1,"10553_8",1
0,"3778_3",0
1,"12245_10",1
1,"3136_8",1
1,"3406_10",1
1,"6598_8",1
0,"5757_1",0
0,"9840_3",0
1,"7583_7",0
0,"5998_1",0
0,"3593_3",0
1,"7954_7",1
1,"7523_7",1
1,"9697_8",1
0,"8342_4",0
0,"9366_3",0
1,"638_10",1
0,"3365_1",0
1,"8750_7",1
1,"7145_9",1
1,"11603_10",1
0,"537_3",0
0,"6455_3",0
1,"10893_8",1
0,"2054_4",0
0,"12181_1",0
0,"4589_1",0
1,"4979_10",0
0,"8262_1",0
1,"7086_10",1
0,"7245_4",0
1,"10073_10",1
0,"5011_1",0
1,"4411_9",1
1,"1767_8",1
0,"9454_1",0
1,"534_10",1
0,"4707_1",0
1,"6992_10",0
1,"1973_8",1
0,"51_1",0
0,"11102_4",0
1,"5477_7",1
0,"1060_4",0
0,"2330_4",0
0,"11437_1",0
1,"12252_10",1
0,"605_4",0
0,"1594_1",0
0,"9761_2",0
1,"70_9",1
0,"7295_2",0
0,"1428_1",1
1,"2937_10",1
0,"9484_3",0
1,"378_8",1
0,"7763_3",0
1,"5259_9",0
0,"460_2",0
0,"11607_1",1
0,"2259_2",0
0,"8631_2",0
0,"514_1",0
0,"1363_1",0
1,"11180_7",1
0,"11766_1",0
1,"368_10",1
0,"7796_4",0
1,"4396_10",1
0,"4884_2",0
1,"4760_7",1
0,"8850_4",1
0,"7356_1",0
0,"9024_4",0
0,"5623_2",0
0,"6945_3",0
0,"11958_2",0
1,"1094_9",0
1,"8301_7",1
1,"1499_7",1
1,"10323_10",1
0,"9883_3",0
1,"8242_8",1
0,"6825_4",0
1,"1664_10",1
0,"5503_1",0
1,"6441_9",1
0,"3768_3",0
1,"11465_7",1
1,"6762_9",1
0,"7100_3",0
0,"7074_4",0
0,"133_2",0
1,"10952_10",1
1,"764_10",1
1,"5920_9",1
0,"1214_3",0
1,"11972_10",0
0,"650_1",0
1,"4784_10",1
0,"4430_1",0
1,"7564_10",0
0,"10776_4",0
0,"3952_1",0
0,"9934_3",0
0,"8172_1",0
0,"3643_1",0
1,"554_7",0
1,"1041_9",1
1,"12239_10",1
1,"6367_7",0
0,"8008_1",0
1,"574_7",1
0,"11679_4",0
0,"6182_1",1
1,"1187_10",1
1,"1495_9",1
1,"8574_9",1
0,"8920_1",0
0,"12424_1",1
1,"5013_10",1
1,"12289_9",1
0,"12054_2",0
1,"1893_10",1
1,"11120_10",1
1,"8411_7",1
1,"6753_7",1
1,"11526_10",1
0,"10102_1",0
0,"7110_1",0
1,"4002_8",1
1,"831_9",1
1,"4233_7",0
0,"5048_2",0
1,"2651_10",1
1,"5974_7",0
0,"1796_2",1
0,"4596_2",0
1,"3990_8",0
0,"1457_1",0
0,"2413_1",0
0,"11507_2",0
1,"9578_10",1
0,"10084_4",0
0,"11200_4",0
1,"5176_10",1
0,"12262_3",0
1,"2139_9",1
0,"6835_2",0
0,"972_3",0
0,"10116_1",0
0,"9196_1",0
1,"3176_9",1
1,"1617_8",1
1,"7578_8",1
0,"3092_2",0
0,"12017_3",0
1,"8469_7",0
1,"10650_8",1
0,"3897_4",0
0,"3054_1",1
0,"11811_2",0
1,"5257_10",0
1,"5138_10",1
0,"10397_2",0
1,"5390_9",1
0,"2201_3",0
1,"11179_9",1
1,"11635_8",1
1,"10468_9",1
0,"11972_1",0
0,"806_1",0
1,"10782_7",0
0,"2948_1",0
0,"8586_3",0
1,"7091_9",1
0,"4390_2",0
1,"1362_10",0
1,"11759_10",1
0,"9951_4",0
1,"3617_8",1
0,"9896_4",1
1,"9133_9",1
0,"3027_1",0
0,"4394_1",0
0,"3983_3",0
0,"7901_3",0
1,"8427_7",0
1,"7480_10",1
1,"5221_7",1
0,"498_3",0
0,"11644_4",0
1,"3006_9",1
0,"1912_4",0
0,"7084_1",0
1,"11099_10",1
1,"8873_8",0
0,"2643_1",0
0,"2622_4",0
1,"7414_8",1
0,"4627_1",0
1,"5921_7",1
1,"6614_9",1
1,"11447_7",1
1,"6870_8",0
1,"1903_10",1
1,"777_7",1
1,"1206_10",1
0,"3709_1",0
0,"9705_1",0
0,"6760_2",1
1,"859_9",0
0,"1748_1",0
1,"11166_7",1
1,"3335_8",1
0,"8639_3",0
0,"3047_4",1
1,"8049_7",0
0,"2221_1",1
1,"1448_8",1
1,"6741_7",1
1,"3071_9",1
1,"6217_8",1
0,"1048_4",0
0,"8465_1",0
0,"12169_1",0
1,"1991_10",1
0,"2922_4",0
1,"2039_9",1
1,"3237_8",1
1,"5792_10",1
1,"11364_10",1
0,"10546_1",0
1,"8860_8",1
1,"12010_10",1
0,"6604_3",0
0,"2524_4",1
1,"6108_8",0
0,"10786_3",0
0,"5559_1",0
0,"9719_1",0
1,"12063_10",1
1,"6203_7",1
0,"9914_4",0
0,"6821_4",0
0,"702_2",0
1,"5265_9",1
0,"9217_2",0
1,"2321_9",1
0,"5135_3",0
1,"9518_10",1
1,"1844_8",1
1,"4764_10",0
0,"4789_4",1
1,"9546_8",1
0,"10276_1",1
0,"5582_3",0
1,"1264_10",0
0,"464_2",0
1,"2778_8",1
1,"7926_10",0
0,"11467_2",0
0,"8415_2",0
0,"210_4",1
1,"8150_10",1
0,"4594_1",0
1,"8688_8",1
1,"10259_8",1
1,"759_10",1
1,"3435_10",1
1,"6064_7",0
0,"4201_1",0
1,"9234_8",1
1,"8439_10",1
0,"4743_1",0
1,"12376_7",0
0,"11423_1",1
1,"6107_7",0
1,"10102_7",1
1,"5250_10",0
0,"916_3",0
1,"8041_7",1
0,"4282_1",1
0,"10735_4",0
0,"7147_1",0
0,"1230_1",0
1,"9047_10",1
0,"8938_2",0
0,"10704_4",0
0,"3310_4",1
1,"6937_8",1
1,"12212_10",1
1,"10667_8",1
1,"1461_10",1
0,"5032_4",0
0,"1008_1",0
0,"3034_4",0
0,"7773_1",0
1,"4346_10",1
1,"6002_7",1
1,"10356_9",1
0,"668_4",0
1,"2664_9",1
0,"9294_4",0
0,"9494_1",0
0,"1865_3",0
0,"5298_2",0
1,"2899_10",1
0,"2691_4",0
0,"10692_4",0
0,"10864_1",0
1,"790_9",1
1,"7728_7",1
0,"6463_2",0
0,"5044_1",0
0,"3285_1",0
1,"6483_10",1
0,"3611_4",0
0,"1436_3",1
0,"11185_1",0
0,"3485_3",0
0,"11552_4",0
1,"6550_10",1
1,"5097_8",1
1,"4623_7",0
0,"10133_1",0
0,"3046_4",0
1,"9965_10",0
0,"12012_2",0
1,"9467_10",1
0,"1254_4",0
0,"7162_1",0
1,"12092_7",1
0,"8470_2",0
1,"331_10",1
1,"2434_8",1
1,"96_10",1
1,"8942_8",1
1,"1414_10",1
1,"12229_9",0
1,"5757_8",0
1,"11121_10",1
0,"3825_3",1
1,"3778_10",0
0,"11608_1",0
1,"6085_8",1
0,"10140_3",0
0,"7928_4",0
1,"12170_8",1
1,"3881_9",0
1,"10971_9",1
0,"3498_1",0
1,"4388_9",1
1,"4297_9",1
1,"5016_10",1
0,"1552_3",0
0,"5147_3",1
1,"12215_10",1
0,"12385_1",0
0,"4251_1",0
1,"7243_10",1
1,"2310_9",0
1,"8335_8",1
0,"1465_3",1
1,"749_10",1
0,"11594_4",0
1,"7537_10",1
0,"9601_4",0
0,"8893_4",0
1,"617_7",0
0,"11215_1",0
0,"9734_4",0
0,"569_1",0
0,"6296_1",0
1,"8759_8",1
1,"12153_10",1
1,"3479_9",1
1,"9035_10",1
1,"9832_10",1
0,"5127_4",1
1,"7603_10",1
1,"6343_10",1
0,"11630_1",1
0,"5346_3",0
0,"11817_4",0
0,"1218_4",0
0,"1791_2",0
1,"12313_10",0
0,"11134_1",0
0,"10029_1",0
1,"2668_9",1
0,"6892_2",0
0,"9432_4",0
0,"2318_3",0
0,"6513_4",0
1,"6966_8",1
0,"11199_1",0
1,"6042_9",0
1,"1008_10",1
0,"6298_2",0
1,"5084_7",0
0,"239_2",0
0,"12108_4",0
0,"4815_2",0
0,"9815_2",0
1,"7678_10",1
1,"12356_8",1
1,"6164_7",0
1,"918_10",1
1,"8539_8",1
1,"3958_7",1
0,"9245_2",1
1,"5180_9",0
1,"11915_10",1
0,"7641_3",0
1,"2987_10",1
0,"6_1",0
1,"10227_10",0
0,"6475_3",0
1,"3293_10",1
0,"5852_3",0
0,"3441_4",0
1,"6889_10",1
0,"10885_1",0
1,"9321_8",1
1,"3099_10",1
0,"8976_1",0
1,"4853_10",1
1,"10059_10",1
0,"6772_4",1
1,"406_8",1
0,"7552_1",0
1,"1865_8",1
0,"3820_2",0
0,"5509_3",1
1,"4379_8",1
0,"8441_1",0
1,"1114_8",0
1,"10640_8",1
0,"9612_4",0
0,"6403_3",0
0,"10784_1",0
1,"2768_8",1
0,"1047_2",0
1,"910_10",1
0,"12053_3",0
0,"10061_4",0
0,"11908_3",0
0,"4991_2",0
1,"1484_10",1
0,"231_1",0
1,"2614_9",1
1,"2889_10",1
0,"3754_3",1
0,"2315_3",0
1,"267_7",1
1,"6554_7",1
0,"11222_3",0
1,"5262_7",0
1,"8072_10",1
0,"11391_2",0
1,"2720_7",1
0,"4434_1",0
0,"2669_1",0
0,"7680_4",0
1,"729_10",1
1,"2286_10",1
0,"6900_1",0
0,"5007_1",0
1,"9155_10",0
1,"3403_9",1
1,"363_10",1
1,"1585_9",1
0,"2871_1",0
1,"2728_10",1
1,"4703_9",1
0,"1965_1",0
1,"3533_10",1
1,"3870_9",1
1,"4684_8",1
0,"4582_3",0
1,"10469_10",1
0,"2528_2",1
1,"7913_10",1
1,"2290_10",1
0,"4298_1",0
0,"7569_3",1
1,"3653_10",0
1,"11756_7",1
0,"11270_1",0
1,"6169_10",1
0,"12149_4",0
0,"6577_4",0
1,"12499_7",0
1,"3122_8",1
0,"957_2",0
0,"4628_2",0
1,"12044_7",0
0,"11814_1",0
1,"9752_10",1
0,"3419_1",0
1,"2996_7",0
0,"12155_1",0
0,"3447_1",0
1,"1350_9",1
0,"4779_1",0
1,"9274_8",1
0,"2411_3",0
1,"222_10",1
1,"6995_7",1
1,"385_10",1
0,"7698_1",0
0,"11334_1",0
0,"3259_1",0
1,"10643_8",1
1,"11711_10",1
0,"2178_3",0
1,"389_10",1
1,"1449_9",1
1,"7683_10",1
0,"2594_3",0
0,"5001_1",0
1,"7775_8",0
0,"2399_1",0
0,"2562_4",0
0,"7405_3",0
1,"4951_8",1
0,"1520_1",0
0,"2285_1",0
1,"5619_9",1
1,"6458_8",1
0,"1971_1",0
0,"11540_2",0
0,"647_3",0
0,"9198_1",0
0,"7539_1",0
0,"10778_3",1
0,"269_1",0
1,"11826_10",1
1,"3553_8",0
0,"11643_2",1
1,"10658_10",1
0,"9688_4",0
1,"9982_9",1
0,"12303_1",0
0,"4750_2",0
0,"1414_3",0
0,"11079_2",0
0,"3411_1",0
1,"8820_7",0
0,"6779_1",0
1,"4433_7",1
1,"11814_7",0
0,"4745_1",0
0,"10656_4",0
0,"11502_1",0
1,"8738_8",1
0,"11143_1",0
1,"6385_10",1
1,"3017_7",1
0,"2412_1",0
0,"11948_2",0
1,"8250_8",1
0,"10636_4",0
0,"12441_4",0
1,"11321_8",1
1,"1554_8",1
1,"3971_8",1
0,"2158_3",0
1,"3972_7",1
1,"13_7",0
1,"2281_9",1
0,"10339_2",0
1,"933_10",1
1,"4340_8",0
1,"9220_8",1
1,"354_9",1
0,"3396_3",0
0,"4592_1",0
0,"873_1",0
1,"4390_8",0
1,"3431_10",1
1,"5161_8",1
0,"1861_3",1
0,"11574_3",0
1,"7688_10",1
1,"10009_9",0
0,"4826_4",0
1,"12388_8",1
1,"2178_9",1
0,"2444_1",0
1,"11280_8",1
0,"8730_3",0
1,"660_9",1
0,"4737_3",0
1,"6898_9",1
1,"5763_8",1
0,"12131_2",0
1,"8841_8",1
0,"4660_4",0
0,"10960_1",0
0,"5521_1",0
0,"6639_1",0
1,"1582_8",1
1,"9188_10",1
0,"674_3",0
1,"7898_10",0
0,"1153_2",1
1,"2061_9",1
1,"9071_8",1
1,"8741_10",1
1,"10205_10",1
1,"628_9",1
1,"880_10",1
1,"10114_10",1
0,"4659_1",0
0,"57_4",0
0,"2452_3",0
0,"1164_4",0
0,"11795_1",0
0,"9541_1",0
0,"1832_4",0
1,"4086_7",0
1,"9098_10",1
0,"8352_1",1
0,"5712_1",0
1,"2914_8",0
1,"4265_8",1
0,"3328_3",0
1,"7112_9",1
1,"6802_9",1
1,"2686_9",1
0,"6664_4",1
1,"7876_8",1
0,"1294_1",0
1,"1021_10",1
1,"3989_8",1
1,"4364_7",1
0,"12145_1",0
1,"3350_7",0
0,"1031_2",0
0,"2083_1",0
1,"868_8",1
0,"1672_1",1
0,"3279_2",0
1,"6486_10",1
1,"11344_7",1
1,"4437_7",1
0,"8_4",0
0,"581_4",0
1,"603_10",1
1,"8438_10",1
0,"10779_4",0
0,"6888_2",0
1,"1321_10",0
0,"9779_3",0
0,"6319_1",0
1,"6300_8",1
0,"5956_3",0
1,"7886_10",0
1,"4275_10",1
1,"3529_9",1
0,"4325_4",0
1,"9164_10",1
1,"5988_7",1
1,"4166_9",1
1,"7731_9",1
0,"10845_3",0
1,"4263_8",1
1,"7747_10",1
1,"9192_7",1
0,"8956_1",0
1,"6308_8",1
1,"1652_10",1
1,"6358_10",1
0,"6437_1",0
1,"1491_9",1
1,"11873_8",1
1,"2820_7",1
0,"2435_1",0
1,"4680_10",1
0,"10224_4",0
1,"8401_10",1
1,"3215_10",1
0,"8334_1",0
0,"6973_3",0
1,"9607_9",1
0,"4262_1",0
1,"2134_10",1
1,"10953_10",1
0,"2842_4",0
0,"4741_3",0
1,"9520_10",1
0,"12333_1",0
0,"9654_1",0
1,"10726_7",1
1,"12308_10",1
0,"2469_2",0
1,"2189_10",1
0,"6485_1",0
1,"7449_10",1
1,"5379_7",1
1,"3376_9",1
1,"3089_9",0
1,"10776_8",1
1,"5840_7",0
0,"3600_3",0
1,"6755_7",1
1,"10237_10",1
0,"7934_3",0
1,"12369_7",0
1,"2112_9",1
1,"6595_9",1
1,"258_7",1
1,"2303_8",1
1,"3034_7",0
0,"10974_2",0
1,"3451_8",1
1,"4432_10",0
0,"4456_1",0
0,"11645_2",1
0,"356_4",1
0,"8917_2",0
1,"4694_10",1
0,"9890_3",0
1,"7305_10",1
0,"9135_2",0
0,"5235_1",1
0,"2927_1",0
1,"1252_8",0
0,"10238_4",0
0,"11415_1",0
1,"4858_8",0
0,"11298_3",1
1,"3254_9",1
1,"5317_7",1
1,"10899_10",1
0,"4894_2",0
1,"6341_7",1
0,"722_4",1
1,"1363_10",1
1,"2986_8",1
0,"5025_2",0
1,"11232_10",1
0,"2879_1",0
1,"4454_9",1
0,"6405_3",0
0,"8185_2",0
1,"5078_9",0
0,"1503_2",0
1,"11607_10",1
1,"2501_8",1
1,"10083_7",0
0,"5296_1",0
1,"11685_8",1
1,"11901_9",1
0,"11564_4",1
1,"6139_10",1
0,"4473_2",0
1,"4040_8",1
1,"3007_7",1
1,"6686_9",1
1,"10220_7",0
1,"9127_7",0
0,"6995_4",0
1,"3909_10",1
1,"6259_8",1
0,"7918_3",0
0,"2092_3",0
1,"11256_10",1
1,"6019_8",1
0,"2765_4",0
1,"3995_8",1
1,"1985_10",1
0,"10804_1",0
0,"9350_1",0
0,"4468_1",0
1,"286_10",1
0,"639_3",0
1,"12243_8",1
0,"9698_1",0
0,"724_3",0
0,"12476_3",0
1,"715_10",0
1,"9454_10",1
0,"7752_3",0
0,"11657_4",0
0,"7510_1",0
1,"2_9",1
0,"6948_4",0
1,"285_10",0
1,"7684_7",1
1,"1345_9",1
0,"10663_4",0
1,"7410_7",1
0,"8861_1",0
1,"6518_10",1
0,"2857_1",0
1,"9334_9",0
0,"11760_2",1
0,"11671_2",0
0,"6073_1",0
1,"2912_9",1
0,"1378_1",0
1,"6958_7",0
1,"6439_10",1
0,"617_1",0
1,"5550_7",1
1,"1178_10",1
1,"5346_7",0
1,"6569_7",1
1,"9823_7",1
1,"11274_9",1
1,"6180_7",0
0,"4602_3",1
0,"9474_1",0
0,"9497_3",0
0,"502_1",0
0,"3010_1",0
1,"10978_10",1
1,"9867_10",0
0,"10680_1",0
0,"8693_4",0
0,"1821_4",1
1,"1860_9",1
0,"5236_2",0
0,"8389_1",0
0,"5189_2",0
0,"8045_1",0
1,"7712_10",1
0,"1973_1",0
0,"7710_4",0
0,"6390_2",0
0,"961_1",0
1,"9373_9",1
0,"11984_2",0
1,"6680_7",0
1,"4138_10",1
0,"2696_3",0
1,"1257_10",1
1,"1205_8",0
1,"9502_8",1
0,"2868_1",0
1,"6261_8",1
0,"8558_1",0
1,"8277_10",1
0,"8046_1",0
0,"5019_1",0
0,"2824_2",0
0,"3663_4",0
1,"730_7",1
0,"9450_1",0
1,"2792_10",1
1,"7970_10",1
1,"11140_9",1
0,"10569_1",0
0,"7327_1",0
1,"1922_9",1
0,"11405_1",0
0,"1322_1",0
1,"7901_7",0
1,"4851_7",1
1,"1354_9",0
1,"11871_7",1
0,"5771_1",0
1,"407_10",1
1,"7579_8",1
0,"4818_1",0
0,"2429_1",0
1,"9323_10",1
1,"11303_9",1
1,"9131_9",1
0,"6380_2",0
0,"692_2",0
0,"4364_1",1
1,"7233_7",0
1,"9194_9",1
1,"9167_7",1
1,"8406_10",1
1,"2953_8",1
1,"2967_9",0
0,"8599_2",0
1,"11623_8",0
0,"1244_2",1
1,"2114_10",1
0,"12096_3",0
0,"8056_1",0
1,"4785_10",1
0,"10342_2",1
0,"8329_4",0
0,"6791_1",0
1,"832_8",1
1,"7542_10",0
1,"2180_8",1
1,"11026_7",0
0,"10006_4",0
0,"5139_4",0
0,"5702_1",0
0,"3978_4",0
0,"758_2",0
1,"10552_9",1
0,"11246_2",0
1,"1203_8",0
1,"4176_10",0
0,"9008_1",0
1,"12446_8",1
1,"515_10",1
1,"5486_10",0
0,"6959_2",0
1,"8537_10",1
1,"1945_8",0
1,"9390_9",1
1,"8442_9",1
0,"6474_3",0
0,"2169_2",1
1,"3810_9",1
1,"6176_9",1
1,"5323_7",1
1,"6379_9",1
0,"1505_3",0
0,"1900_4",0
0,"7620_1",0
1,"6661_7",1
1,"9747_10",1
0,"8033_1",0
0,"4147_1",0
1,"9663_10",1
0,"1826_3",0
1,"1006_8",1
1,"4457_8",1
1,"5603_7",1
0,"8699_1",0
1,"10300_10",1
1,"12436_7",0
0,"2237_3",0
1,"5356_8",1
0,"6078_1",0
1,"2618_7",1
0,"5488_2",0
0,"7390_2",0
0,"11674_2",0
0,"1283_1",0
0,"11931_2",0
1,"5088_8",1
0,"9296_4",0
1,"8183_7",0
1,"6824_10",1
1,"11513_8",1
1,"1433_10",1
1,"583_8",1
0,"4658_1",0
1,"5011_10",1
1,"9967_10",1
1,"1938_9",0
0,"10659_2",1
1,"6206_8",1
1,"8210_7",1
0,"9272_2",0
0,"2574_3",0
1,"11725_10",0
1,"9618_8",1
1,"1039_9",1
1,"4797_10",1
1,"2361_10",1
0,"67_2",0
1,"11864_8",1
1,"11207_10",1
0,"12304_3",0
1,"1533_8",0
1,"9176_10",1
1,"11170_10",1
1,"3401_8",1
1,"7208_7",1
0,"2390_1",0
1,"9255_10",1
0,"4465_2",0
0,"9916_2",1
1,"4541_10",0
0,"12097_4",0
0,"8727_2",0
0,"6462_2",0
0,"10535_2",1
0,"1892_3",1
1,"10921_10",1
0,"7003_4",0
1,"11477_8",0
0,"11872_1",0
1,"10132_9",1
0,"3176_4",1
0,"1569_2",0
1,"5705_10",1
0,"2358_3",0
0,"11208_4",0
0,"287_4",1
0,"1644_1",0
1,"10664_8",1
0,"8873_3",0
0,"11776_4",1
1,"8474_10",1
1,"3929_9",1
1,"1254_7",1
1,"5562_10",1
1,"1631_8",1
0,"5672_1",0
1,"9810_7",1
0,"5022_1",0
0,"8230_4",0
0,"2733_1",0
1,"7452_10",1
1,"8203_7",1
0,"10994_1",0
1,"5219_7",0
1,"4258_9",1
1,"6784_8",1
1,"82_8",1
0,"4875_3",0
0,"3674_1",0
1,"8169_8",0
0,"10959_4",0
0,"4672_3",1
0,"6249_2",0
1,"6497_10",1
0,"7722_3",1
0,"6083_3",0
1,"6364_8",0
0,"6739_1",0
0,"10296_1",0
0,"842_1",0
1,"10704_10",1
0,"7842_1",0
1,"4628_9",1
0,"7962_4",0
1,"2123_10",1
1,"3558_8",1
0,"7547_1",0
0,"1592_3",0
0,"1419_1",0
1,"10835_10",1
1,"5698_8",1
1,"497_10",1
1,"8545_9",1
0,"420_4",0
1,"6919_9",1
0,"1447_3",0
0,"3961_3",0
0,"8200_2",0
0,"2386_2",0
0,"5172_4",0
0,"4825_1",0
1,"1879_10",1
0,"2723_4",0
0,"8987_2",0
0,"10375_1",0
1,"836_8",1
1,"4916_9",1
0,"11694_4",0
1,"5805_9",0
0,"1453_2",0
0,"407_4",1
1,"6171_8",1
1,"7070_9",1
0,"8709_2",0
0,"890_2",0
1,"10760_8",1
1,"1762_7",0
1,"4244_10",0
1,"6147_7",1
1,"701_7",1
1,"8032_10",1
0,"2610_3",0
1,"11010_10",0
1,"11136_10",1
0,"5841_1",0
0,"717_1",0
0,"8483_1",0
0,"5828_2",0
0,"6045_2",0
1,"7777_10",1
0,"3395_4",0
1,"11555_10",1
0,"15_1",0
0,"10165_3",0
1,"5629_10",1
1,"9425_10",1
1,"5771_8",0
1,"2541_7",1
0,"5197_4",0
1,"11738_9",1
0,"6859_1",0
1,"11774_10",1
0,"11179_3",0
1,"8458_10",1
0,"8272_3",0
1,"3930_9",1
1,"2466_9",1
1,"4397_7",1
0,"6929_1",0
1,"9795_7",0
0,"11858_2",0
0,"5263_1",0
0,"8094_2",1
0,"61_3",0
1,"7726_10",1
1,"12219_10",1
0,"6654_1",0
1,"5079_8",1
0,"3943_4",0
1,"1490_8",1
1,"4658_8",1
1,"8996_8",0
0,"3335_1",0
1,"7854_10",1
1,"9817_8",0
1,"9325_10",1
1,"8048_7",0
1,"2839_10",1
1,"8589_7",0
1,"10476_9",1
1,"6122_8",1
0,"11598_4",0
0,"10861_4",0
1,"10823_8",1
1,"5434_9",0
0,"5210_2",0
0,"6636_3",0
1,"2767_8",0
0,"9680_1",0
0,"6283_2",0
1,"11067_7",0
1,"8214_7",1
0,"852_1",0
1,"4835_10",1
0,"2389_2",1
1,"271_10",1
0,"10323_1",0
0,"9990_1",0
1,"5514_9",0
0,"5254_3",0
0,"10263_4",0
1,"3970_7",1
1,"7050_7",0
1,"12451_10",1
0,"11702_4",0
0,"7299_1",0
1,"8519_10",0
1,"10926_9",1
0,"11327_4",1
0,"1499_4",0
0,"7600_1",0
0,"5013_1",1
1,"11996_10",1
1,"8854_10",1
1,"7740_10",1
0,"785_2",0
1,"1904_7",1
0,"843_1",0
0,"7764_1",0
0,"2809_4",0
0,"12376_1",0
1,"7098_9",1
1,"7206_9",1
1,"4638_10",1
0,"11000_1",0
1,"398_10",1
0,"1270_1",1
0,"2163_4",0
0,"5182_4",0
0,"731_3",0
0,"5748_4",0
1,"8054_8",1
1,"4898_7",1
1,"12171_7",0
1,"12182_8",1
0,"8761_3",0
1,"8_7",1
0,"12052_1",0
0,"11639_1",0
0,"7926_2",0
0,"5454_1",0
0,"11999_3",0
0,"12365_1",0
1,"12065_7",1
0,"8379_1",0
0,"2041_2",0
0,"1576_1",1
0,"9767_3",0
0,"6561_4",0
0,"6385_2",0
0,"10922_3",0
0,"7949_2",0
0,"3495_1",0
0,"8928_4",0
0,"8030_3",0
0,"2286_4",0
0,"9262_3",0
0,"5409_1",0
1,"1835_10",1
0,"6829_1",0
1,"6551_9",0
0,"895_3",0
0,"4953_1",0
1,"6935_8",1
1,"9121_10",1
0,"7231_1",1
0,"1343_1",0
0,"12122_4",0
0,"3123_2",0
1,"2161_10",1
1,"9771_10",1
0,"7873_1",0
1,"594_9",0
0,"4686_3",0
1,"11965_8",1
1,"7602_10",1
1,"7857_10",1
0,"9853_1",0
0,"756_1",0
0,"708_4",0
1,"8886_10",1
0,"4648_1",0
1,"11319_8",1
0,"3316_2",0
1,"10164_7",1
1,"5613_9",1
1,"9237_7",1
0,"8913_2",0
1,"11221_10",1
1,"2821_9",1
0,"9353_3",0
0,"9284_1",0
1,"5574_10",1
1,"6276_7",1
1,"10914_8",1
0,"3538_1",0
1,"3789_8",1
0,"7770_1",0
1,"4977_7",1
1,"9973_8",0
1,"6548_10",1
1,"6407_10",1
1,"9229_7",1
0,"10049_1",1
1,"11641_7",0
0,"8438_3",0
1,"7335_7",1
0,"778_2",1
1,"7606_9",1
1,"5910_8",1
1,"3601_7",1
1,"8926_10",1
1,"9293_7",1
0,"8126_3",0
0,"9495_1",0
0,"2625_2",0
1,"8637_10",1
0,"10530_4",0
0,"4893_1",0
1,"6444_8",1
1,"10717_10",1
0,"1206_4",0
0,"2470_2",0
0,"5897_1",1
0,"7626_3",0
0,"11907_4",1
0,"11282_2",0
0,"9151_1",0
1,"4048_7",1
1,"9864_8",0
0,"8619_1",0
0,"5040_3",0
1,"10938_10",1
1,"861_7",1
1,"6191_9",1
0,"12398_2",0
0,"948_3",0
1,"2570_10",1
0,"2609_1",0
0,"8705_1",0
0,"27_1",0
0,"10002_1",1
0,"9803_1",0
1,"10730_10",1
1,"8147_10",1
1,"1240_7",1
0,"9326_2",0
0,"6044_4",0
0,"9161_1",0
1,"9320_10",1
1,"12383_7",1
1,"12367_9",1
0,"5441_1",0
0,"6776_3",1
1,"8961_9",1
0,"11188_1",0
0,"2850_2",0
1,"9225_10",1
0,"5550_4",0
0,"10589_1",0
1,"12225_7",0
1,"9791_9",1
0,"1500_3",0
1,"3179_8",1
1,"4256_8",1
1,"10619_8",1
0,"355_4",1
0,"3705_3",0
1,"2074_10",1
0,"10217_1",0
1,"5583_8",1
0,"3567_1",0
1,"10545_7",0
1,"10410_10",1
0,"4118_3",0
1,"12454_7",0
0,"9379_1",0
1,"10035_9",1
0,"4942_4",0
0,"6970_3",0
0,"10247_2",0
1,"7142_8",1
0,"1502_1",0
0,"8105_1",0
0,"7937_2",0
0,"5115_1",0
0,"12220_1",0
0,"1377_4",1
0,"9563_3",0
0,"7112_4",1
1,"3214_10",1
0,"6790_3",0
0,"12499_2",0
0,"8874_2",0
1,"9201_8",1
0,"2958_1",0
0,"6884_4",1
1,"10906_10",0
1,"4170_8",1
0,"1099_4",0
1,"5278_7",1
1,"6852_8",1
1,"3201_10",1
1,"9624_10",1
0,"4191_1",0
0,"7871_2",0
0,"4173_4",0
0,"2499_1",1
0,"7944_2",0
0,"9568_2",1
0,"10617_1",0
0,"8978_3",0
0,"10675_2",0
1,"8509_7",0
0,"2247_2",1
0,"8565_1",0
0,"12269_2",0
0,"6261_2",0
1,"5198_7",0
1,"11431_10",1
1,"10333_8",1
1,"4646_7",1
1,"9480_10",1
0,"2345_4",0
0,"9841_4",1
0,"3666_3",0
0,"12344_3",1
0,"1814_1",0
1,"11511_9",0
1,"9647_10",1
0,"3093_2",0
0,"8141_1",0
0,"6506_1",0
0,"6575_4",1
0,"11592_1",0
1,"11133_10",1
1,"7124_8",1
0,"12271_1",0
0,"4378_4",1
0,"8582_1",0
1,"5959_7",1
1,"12299_7",1
0,"11487_3",0
0,"4984_1",0
0,"770_3",0
1,"6219_7",0
1,"7708_10",1
0,"2480_2",1
0,"5725_3",0
1,"10577_10",1
0,"2636_1",0
1,"8008_7",0
1,"12385_7",0
1,"3551_8",1
1,"2572_10",1
1,"1616_9",1
1,"8690_8",1
1,"10148_10",1
0,"11514_1",0
1,"3491_8",1
1,"11593_10",1
1,"3902_10",1
0,"7304_4",0
1,"6973_10",1
0,"4508_2",0
0,"11028_4",0
0,"2756_3",0
0,"7262_4",0
0,"7824_1",0
0,"4033_1",0
0,"11033_1",1
1,"7158_8",1
1,"798_10",1
1,"9232_8",0
0,"718_2",0
0,"1461_1",1
0,"1_1",0
1,"9501_10",1
1,"713_10",0
0,"1665_3",0
1,"1900_8",1
0,"5613_3",1
0,"4726_1",0
0,"6526_2",0
0,"3407_2",0
1,"5892_8",1
1,"1322_8",1
1,"9331_9",1
1,"7245_10",1
1,"6363_8",1
1,"6579_10",1
1,"803_10",1
1,"5788_8",0
0,"8602_2",0
0,"6946_3",0
0,"8581_1",0
0,"2995_3",0
1,"4626_8",1
1,"483_8",1
1,"11744_9",1
0,"1848_3",0
1,"9038_8",1
0,"5598_4",0
0,"4279_2",0
1,"10920_10",1
0,"7103_1",0
1,"733_9",1
0,"284_2",0
1,"11844_10",1
1,"3100_10",1
0,"4203_2",0
0,"6537_1",0
1,"7890_7",1
0,"10666_4",0
0,"7712_2",0
0,"1785_2",0
0,"9667_2",0
0,"645_2",0
0,"12222_1",0
1,"11633_8",1
0,"5664_2",0
0,"11214_3",1
1,"7244_10",1
1,"12450_7",1
1,"3983_10",1
1,"5365_10",0
1,"4933_8",1
1,"10281_7",0
1,"6313_9",1
1,"12379_8",1
0,"3591_4",0
0,"7602_1",0
1,"9527_10",1
1,"2571_7",1
1,"5164_10",1
0,"4717_1",0
0,"8348_2",0
1,"8899_8",0
1,"6732_10",1
0,"7055_3",0
0,"1922_3",0
0,"2410_1",0
0,"4117_1",0
1,"11595_10",1
1,"978_9",1
0,"1619_1",0
1,"12053_9",1
0,"4564_4",1
1,"3563_8",1
1,"11373_8",1
1,"2412_10",1
0,"5407_1",0
1,"2363_7",1
0,"11070_1",0
0,"8506_1",0
0,"3250_3",0
1,"8200_8",1
1,"9762_8",1
1,"496_10",1
1,"9361_9",1
0,"11388_1",0
1,"3535_8",1
0,"6571_3",0
0,"9528_2",0
0,"878_3",1
1,"106_10",1
1,"7160_8",1
1,"8485_8",0
0,"12261_4",0
1,"3994_8",1
0,"10624_1",0
1,"11518_8",1
0,"3715_2",0
1,"22_8",0
0,"11136_1",0
1,"4227_10",1
1,"2245_7",1
0,"9973_4",0
0,"6788_2",0
1,"5342_10",1
1,"3045_10",1
0,"2074_1",0
1,"10655_9",1
1,"10993_10",1
0,"7104_1",0
1,"5625_8",1
1,"10473_10",1
0,"10500_4",0
0,"397_3",0
0,"779_4",0
1,"9874_8",1
0,"8682_3",1
0,"157_1",0
0,"8197_3",0
0,"8507_1",0
1,"586_10",1
0,"9871_1",1
0,"1055_2",0
0,"12129_4",0
0,"76_3",0
1,"5040_9",1
1,"136_10",1
1,"145_10",1
1,"780_7",1
0,"11911_2",0
1,"7894_10",1
1,"4497_7",1
0,"5428_4",0
0,"9629_1",1
0,"1095_3",0
1,"1772_10",1
0,"8222_1",0
0,"10157_4",0
1,"11945_9",0
1,"232_10",1
1,"11139_8",0
0,"5057_1",0
0,"9976_1",0
0,"3781_1",0
1,"4517_9",1
0,"12136_1",0
1,"10616_7",0
1,"2561_7",1
1,"6345_7",0
1,"8558_10",1
0,"1734_2",0
1,"9278_7",0
0,"6000_1",0
1,"9298_9",1
1,"10031_10",0
0,"9712_1",0
1,"9596_10",1
1,"5845_7",1
1,"6558_8",1
1,"10312_10",0
0,"11159_3",0
1,"11732_7",0
0,"4025_1",0
1,"4284_10",1
1,"8604_10",1
0,"6752_3",0
0,"2933_3",0
0,"10508_1",1
0,"1518_1",0
1,"8914_8",1
1,"11627_8",1
1,"8128_10",1
0,"12406_2",1
1,"9308_7",1
1,"983_7",1
0,"9692_2",0
1,"5998_10",1
1,"11020_8",1
1,"11948_10",1
1,"11298_8",1
0,"2144_3",0
0,"12192_4",0
1,"10056_8",1
0,"6413_3",0
1,"4613_10",1
1,"561_10",1
1,"8355_7",1
1,"1380_7",1
1,"5292_7",1
1,"10462_7",1
1,"6110_8",1
0,"2588_3",0
1,"6236_8",1
0,"8505_3",0
1,"12392_9",1
1,"5679_10",1
0,"9261_3",0
0,"2045_1",0
1,"11132_10",1
0,"9778_2",0
1,"1398_7",1
0,"6383_3",0
0,"5608_1",1
0,"9513_1",0
0,"2173_1",0
0,"147_4",0
1,"5874_10",1
0,"3819_4",0
0,"9847_1",0
1,"10185_10",0
1,"2132_9",1
1,"2330_8",1
0,"1731_3",0
1,"7595_10",1
0,"1603_2",0
1,"5879_10",1
1,"2438_9",1
1,"5005_8",0
1,"1152_10",1
1,"5039_10",1
0,"533_2",0
1,"11913_10",1
1,"6972_9",1
0,"7240_1",0
1,"12483_9",1
0,"3452_3",1
1,"8480_10",1
1,"873_8",0
0,"11252_1",1
0,"11210_1",0
1,"2254_8",1
1,"6320_10",0
1,"11687_10",1
1,"2038_7",1
0,"11101_4",0
0,"7205_1",1
0,"512_1",0
0,"4399_4",0
1,"4747_8",0
0,"4786_1",0
0,"10827_1",0
1,"5943_10",1
0,"5911_4",0
1,"8164_8",1
0,"10700_3",0
0,"2792_4",0
0,"3645_3",0
0,"4311_3",1
0,"9746_1",0
0,"5621_4",0
0,"520_1",0
0,"3289_1",1
0,"10907_1",0
0,"10467_1",0
1,"10887_7",0
1,"972_9",1
0,"4040_1",1
1,"9534_10",1
1,"1464_7",1
1,"2413_10",1
1,"931_10",1
0,"8512_3",1
0,"3760_1",0
1,"6516_10",1
0,"4476_2",0
1,"1894_8",1
0,"6745_4",0
0,"4051_4",1
0,"7737_1",0
1,"9013_7",1
0,"2239_4",0
0,"11157_3",0
1,"2409_9",1
1,"379_10",1
1,"5856_8",1
1,"7146_10",1
1,"703_10",0
0,"676_4",0
0,"2617_1",0
1,"2524_10",1
1,"5376_7",0
1,"5216_8",0
0,"225_2",0
1,"9063_8",1
0,"6522_1",0
0,"11965_4",0
0,"3696_4",0
1,"9439_8",0
1,"5826_10",1
0,"12246_1",0
1,"8724_10",1
1,"6265_7",1
0,"10269_1",0
1,"6890_8",1
1,"6158_10",1
0,"12141_3",0
1,"11097_9",1
0,"4819_1",0
1,"4970_8",1
0,"5657_3",1
0,"8431_4",0
0,"2427_2",0
0,"4127_1",0
0,"640_3",1
0,"10166_2",0
1,"6969_10",1
1,"2197_7",0
1,"11410_7",1
0,"7289_1",1
0,"11088_4",0
1,"2260_10",1
1,"10039_10",1
0,"5352_4",1
1,"10991_9",1
0,"2017_1",0
0,"10412_1",0
0,"5957_3",1
0,"3904_4",1
0,"4845_1",0
0,"3496_1",0
1,"5482_10",1
0,"10611_1",0
0,"8627_4",0
0,"1593_4",1
1,"1444_7",1
0,"8550_3",0
1,"8692_10",0
1,"3492_7",0
1,"4727_7",1
0,"3626_4",0
0,"9604_3",0
0,"10189_4",0
1,"6916_8",1
0,"9902_3",1
1,"2949_10",1
0,"6418_1",0
1,"1192_8",1
1,"8627_10",1
1,"3822_10",1
0,"5937_4",1
1,"9937_10",1
1,"9470_8",1
0,"7998_1",0
1,"12489_10",0
0,"5239_3",0
1,"6152_10",1
1,"5576_9",0
1,"11730_10",1
0,"1650_4",1
0,"6228_1",0
1,"11957_8",1
0,"3167_2",0
0,"7894_1",0
1,"12333_9",1
0,"5489_1",1
1,"10012_8",1
1,"2258_7",1
0,"2106_4",0
1,"10975_10",1
0,"3183_1",0
1,"1253_10",1
0,"4980_2",0
0,"11138_2",0
0,"8341_1",0
0,"3072_4",0
0,"1750_4",0
1,"3730_10",1
0,"5818_4",0
0,"7024_2",1
0,"8205_1",0
0,"10823_1",0
1,"7021_10",1
0,"11935_2",0
1,"9905_10",0
0,"2457_2",0
0,"11861_4",1
0,"939_2",1
1,"9645_8",1
0,"3576_1",1
1,"2370_10",1
1,"1455_7",0
1,"7951_10",1
1,"1851_10",1
1,"11288_8",0
0,"6339_1",0
1,"4758_8",1
0,"1834_3",0
1,"8890_10",1
1,"7956_10",1
0,"8338_3",0
1,"10872_7",1
0,"3592_3",0
0,"735_1",0
1,"1878_10",1
1,"4526_10",1
1,"6535_10",1
1,"401_10",1
1,"3785_10",1
1,"7576_10",0
0,"5006_1",0
1,"11487_10",1
0,"10007_1",0
1,"5442_8",1
1,"4405_8",1
1,"11356_9",0
0,"10021_2",0
0,"752_1",0
1,"3242_8",1
0,"7465_1",0
0,"9723_1",0
1,"9380_9",0
0,"2630_3",1
1,"7504_7",1
1,"1721_8",1
0,"6598_1",0
1,"11273_9",0
0,"11190_1",0
1,"2167_10",0
0,"7288_2",0
1,"4927_8",1
1,"4429_7",1
0,"2258_2",0
0,"6843_4",0
0,"1532_1",0
0,"11561_4",0
1,"1679_9",1
1,"4490_7",1
1,"10863_8",1
0,"2327_3",0
1,"1219_10",1
1,"9353_8",1
0,"3734_3",1
1,"6073_9",1
0,"8264_4",1
0,"8229_1",0
0,"10906_2",1
1,"4945_7",1
1,"848_8",1
1,"11559_10",1
0,"12224_3",0
0,"3475_3",0
1,"2718_9",1
1,"7625_10",1
0,"3544_1",0
1,"3316_10",1
0,"4504_1",0
1,"1051_9",1
0,"7296_1",0
1,"521_10",1
1,"7203_9",1
1,"11131_9",1
0,"3016_1",0
0,"3834_1",0
1,"420_7",1
1,"12309_10",1
0,"2483_1",0
1,"1993_10",1
0,"5094_3",0
0,"10691_3",0
1,"7972_10",1
0,"7491_1",1
1,"5772_10",0
1,"2702_9",0
1,"11956_9",1
1,"11015_9",1
0,"3320_2",0
0,"9060_1",0
1,"3738_8",1
0,"6026_3",0
0,"11560_4",1
0,"5329_1",0
1,"4102_10",1
1,"989_9",1
1,"2552_10",1
0,"10216_3",0
0,"10901_1",0
1,"9112_9",1
1,"4532_7",1
0,"6638_4",0
1,"12178_7",0
0,"6400_3",0
1,"2743_9",1
0,"7881_2",0
0,"9323_2",0
1,"3604_10",1
0,"1497_2",0
1,"10700_8",1
1,"11066_8",1
0,"11684_3",0
0,"3017_4",1
1,"295_10",1
0,"10565_3",1
1,"7259_7",1
0,"6115_1",0
1,"5847_10",1
0,"2685_2",0
0,"5727_1",0
1,"5587_7",1
1,"4768_10",1
1,"8544_9",1
1,"8197_8",1
0,"4054_3",0
0,"7167_3",0
1,"2551_9",1
1,"12408_7",1
0,"12382_1",1
1,"8123_8",1
1,"4804_7",0
0,"9338_3",0
1,"4616_10",1
1,"9504_10",1
0,"9799_1",0
0,"6727_4",0
0,"12354_2",0
0,"3506_1",0
0,"5241_3",0
0,"8265_4",0
1,"3482_10",1
0,"1927_2",0
1,"1557_10",1
0,"1949_1",0
1,"9184_10",1
0,"4036_1",0
1,"8719_10",1
0,"3458_1",0
0,"3326_4",0
1,"10638_8",1
0,"11870_1",1
0,"10292_3",0
0,"3858_1",0
1,"10301_8",1
1,"3264_8",1
0,"2099_1",0
0,"2281_4",1
1,"7469_10",1
0,"11659_2",0
0,"163_4",0
1,"8215_7",1
1,"373_10",1
1,"7752_8",1
1,"4422_8",1
1,"11353_9",1
0,"3033_2",0
1,"4171_7",0
0,"412_4",1
0,"11115_1",1
1,"11512_10",1
0,"6427_3",0
1,"1153_10",1
0,"309_1",0
1,"11659_9",1
0,"796_3",0
0,"7130_3",0
1,"6783_7",1
0,"12433_3",0
1,"3139_10",0
0,"9624_3",0
1,"10429_10",1
0,"394_3",1
1,"3652_10",1
1,"12423_10",0
0,"2288_3",0
0,"10607_2",0
0,"446_3",0
1,"11585_10",0
1,"7664_10",1
0,"5845_3",0
0,"6866_1",1
1,"11485_10",1
1,"6628_7",1
1,"2723_7",1
1,"59_7",1
0,"8520_1",0
1,"10348_8",1
0,"5447_4",0
0,"8023_3",0
1,"8533_8",0
0,"12331_2",0
1,"5043_7",1
0,"1774_3",1
1,"5401_9",1
0,"11109_1",0
0,"1073_2",0
1,"10108_10",1
0,"1385_3",0
1,"2613_9",1
0,"3743_1",1
1,"5098_9",1
0,"1170_3",0
0,"12200_4",0
0,"1899_1",0
1,"12080_8",1
0,"12147_1",0
1,"11340_7",1
1,"7797_10",1
0,"8816_4",1
0,"4234_4",0
0,"10373_3",1
0,"4453_3",0
0,"2608_2",0
1,"4682_9",1
1,"10999_7",0
1,"8709_8",1
0,"2466_3",0
0,"9372_4",0
1,"7556_8",1
1,"2026_8",1
1,"4093_8",1
0,"11982_4",1
0,"5806_4",0
1,"7734_10",1
0,"11668_3",0
0,"354_3",0
0,"3697_4",1
0,"3761_2",0
1,"9512_8",1
1,"7864_8",0
1,"3767_9",0
0,"7867_2",0
0,"11525_1",0
1,"1087_10",1
1,"1170_8",1
1,"11258_8",1
1,"8923_8",1
0,"2482_1",0
1,"5614_10",0
1,"7318_10",1
0,"6112_1",0
1,"9861_10",1
1,"5233_10",1
0,"7981_4",0
0,"5617_2",0
0,"6287_4",0
1,"4610_10",1
1,"9957_7",0
1,"7866_10",0
0,"7798_1",0
0,"8184_4",0
0,"7532_4",0
0,"4133_1",0
1,"11096_10",1
1,"7306_10",0
1,"2407_10",1
1,"6975_8",1
1,"5385_7",0
1,"10968_7",1
0,"11161_4",0
1,"6185_8",1
0,"11183_2",0
0,"11361_4",0
1,"11105_10",0
1,"3931_7",1
1,"9040_9",1
0,"8969_1",0
1,"7027_7",1
1,"5770_10",1
1,"8788_10",1
1,"4934_8",1
1,"10791_9",1
1,"345_7",0
0,"11486_4",0
1,"5465_8",1
1,"448_10",1
0,"798_1",0
0,"9189_1",0
1,"11877_10",1
0,"8444_1",0
0,"999_3",0
0,"9851_1",0
0,"523_1",0
1,"10575_9",1
1,"428_7",1
0,"518_3",1
1,"10788_10",1
1,"8251_10",1
0,"1597_3",0
0,"10747_4",0
0,"6827_4",0
0,"352_4",0
0,"191_3",1
1,"7433_10",1
0,"7566_1",0
1,"10774_8",1
0,"4309_3",1
1,"3177_9",1
0,"4144_1",0
0,"2042_1",0
0,"10576_4",0
0,"6265_1",0
0,"2585_2",0
0,"6940_4",1
1,"1394_8",1
1,"4846_7",1
1,"2584_7",0
0,"3266_1",0
1,"9829_7",1
1,"6583_7",1
0,"5631_2",0
0,"3232_1",0
1,"6433_7",0
0,"485_3",1
1,"6525_7",1
1,"3818_8",1
0,"6468_3",0
1,"3269_8",1
1,"5181_10",1
0,"8196_1",0
0,"5084_1",0
1,"7931_8",0
1,"1310_7",1
0,"4763_2",0
1,"4427_10",1
0,"3782_4",0
1,"11795_10",1
1,"5749_10",1
1,"2403_10",1
1,"9492_7",0
0,"4367_4",0
1,"10808_10",1
1,"10654_7",1
1,"158_10",1
0,"2500_1",0
1,"1224_9",1
0,"4963_4",0
1,"11699_10",0
0,"12028_2",0
1,"4126_8",1
1,"2443_9",1
1,"11264_10",1
0,"4187_3",0
1,"7440_7",0
1,"1592_9",1
1,"6246_9",1
1,"4722_8",1
1,"11334_10",1
1,"3695_8",1
1,"431_8",1
0,"1215_1",0
1,"11830_9",1
0,"1562_1",0
1,"5499_10",0
0,"2292_2",0
1,"7787_10",1
1,"1957_7",1
1,"10434_10",1
1,"9869_10",1
0,"1711_2",0
1,"3690_9",1
0,"7585_3",1
1,"10294_8",1
1,"9985_9",1
1,"10143_8",1
1,"11575_10",1
0,"1622_4",1
1,"9168_7",1
0,"5196_4",0
1,"2697_9",1
1,"595_9",1
0,"12085_3",1
0,"11521_1",0
1,"6633_10",1
1,"9633_7",0
1,"5125_7",1
0,"3935_1",1
1,"546_10",1
1,"3041_7",1
1,"5298_8",1
1,"12020_7",0
1,"2338_10",1
0,"10013_1",0
1,"8623_7",1
1,"5976_7",0
1,"10239_10",1
0,"4853_1",0
1,"3957_10",1
1,"9157_10",1
1,"11438_10",1
0,"1666_2",0
0,"10738_4",0
1,"7422_10",1
1,"5435_10",1
1,"1715_8",1
0,"12049_3",0
0,"9250_4",0
1,"10444_9",1
1,"6836_9",1
0,"3731_1",1
0,"402_2",0
0,"4703_1",0
1,"8843_7",0
1,"7465_10",1
0,"5853_3",0
0,"1635_3",0
0,"3651_4",0
1,"5163_7",1
0,"3955_1",0
0,"12371_1",0
1,"7910_10",1
0,"2348_3",0
0,"6755_4",0
1,"5508_10",1
0,"11389_2",0
0,"8518_2",0
0,"913_4",1
0,"12238_3",0
1,"3078_10",1
1,"9920_7",0
1,"11761_10",1
1,"1752_8",1
0,"7633_3",1
0,"5587_4",0
0,"2284_3",1
1,"9016_10",1
0,"10438_4",0
1,"11249_7",1
1,"11929_9",1
0,"866_2",0
1,"9441_9",0
1,"10603_10",1
1,"10681_10",1
1,"9979_7",1
0,"9064_4",1
1,"10498_10",1
0,"4483_2",0
1,"5812_9",1
1,"4842_10",1
0,"5183_4",0
0,"2655_3",1
0,"6719_2",0
1,"10467_10",1
1,"10153_9",1
0,"12351_4",1
0,"10914_3",0
0,"267_3",0
0,"4263_4",0
1,"3471_8",1
1,"8937_9",1
0,"8915_1",0
0,"8261_1",0
1,"6403_8",1
0,"1534_1",0
0,"4652_1",0
0,"3873_4",0
1,"3473_9",0
1,"12046_10",0
1,"5344_7",0
1,"11172_10",1
1,"3594_7",0
1,"12047_10",1
1,"9772_10",1
0,"9663_4",1
0,"4056_4",0
0,"8883_2",1
0,"3292_1",0
0,"11689_2",0
0,"166_1",0
0,"10491_1",0
0,"6844_1",0
1,"11106_10",1
0,"10943_3",0
0,"3101_1",0
0,"12319_1",0
0,"11454_4",0
1,"9431_10",1
1,"2157_10",1
0,"3594_1",0
1,"10761_10",1
0,"11046_1",0
1,"6574_8",1
0,"1763_1",0
1,"8848_7",0
1,"5430_10",1
0,"2134_1",0
0,"10858_1",0
1,"10525_10",1
1,"10963_7",1
1,"2589_7",1
1,"3581_9",1
0,"651_4",1
0,"11670_1",0
1,"8713_10",1
1,"7971_10",1
1,"9722_7",1
1,"11285_7",0
0,"3426_3",0
0,"6060_3",0
0,"8592_1",0
1,"1492_10",1
0,"11989_1",0
1,"8359_8",1
0,"5953_1",0
0,"8426_4",0
0,"10273_2",0
1,"1704_8",1
0,"6602_2",0
0,"1939_1",1
1,"4530_7",1
1,"3443_9",1
0,"6555_2",0
1,"3141_10",1
1,"11926_10",1
0,"2072_1",0
0,"1009_4",0
0,"7124_2",0
1,"9509_9",1
1,"524_10",1
0,"2212_2",0
0,"1434_3",1
0,"12025_1",0
0,"9134_4",0
1,"2212_10",1
1,"7844_10",1
1,"2488_10",0
1,"1872_7",1
0,"5253_3",0
0,"2117_1",0
0,"691_3",0
1,"3913_10",1
0,"2510_4",1
1,"6908_7",1
1,"10900_8",1
0,"7051_4",0
0,"10210_3",0
0,"7334_1",0
1,"8269_7",1
1,"747_10",1
0,"3944_3",0
1,"2188_10",1
1,"4520_7",1
0,"8667_3",0
0,"628_2",0
0,"5577_1",0
0,"9411_1",0
1,"3772_10",1
0,"8445_4",0
0,"799_2",0
0,"8540_2",1
1,"7264_8",1
1,"6839_10",0
1,"12491_8",1
0,"1634_4",1
1,"3997_10",1
1,"1422_10",1
0,"11004_1",0
0,"263_4",0
0,"986_2",0
1,"12435_8",1
1,"10959_10",1
0,"2036_4",0
1,"6734_10",1
0,"7882_1",0
1,"3455_10",1
1,"456_10",1
1,"7472_9",1
1,"10549_9",1
1,"11272_10",1
1,"349_10",1
0,"11189_1",0
0,"9591_3",0
0,"2303_1",0
1,"4329_7",1
0,"4200_1",0
1,"2557_10",1
1,"2097_9",0
0,"6260_1",0
1,"2010_8",1
0,"3015_1",0
1,"9713_10",1
0,"1268_2",0
1,"9836_9",1
1,"8534_10",1
0,"8067_1",0
0,"1751_2",0
1,"6311_10",1
1,"10590_8",1
0,"4223_4",0
0,"2709_2",0
1,"2471_10",1
1,"1426_8",1
1,"11244_10",1
1,"10965_9",1
0,"11292_2",1
1,"11134_9",1
0,"8209_4",1
0,"1106_1",0
1,"12283_8",0
1,"1238_7",1
1,"5108_10",0
1,"11677_8",1
1,"732_7",1
1,"2282_10",1
0,"11685_2",0
0,"7409_2",0
0,"11174_2",0
1,"9703_9",0
1,"6768_8",1
1,"2288_9",1
1,"170_10",1
0,"6686_1",0
0,"8299_1",1
0,"5205_2",0
1,"5340_8",1
0,"8580_4",0
0,"9270_2",0
1,"7012_10",1
1,"1281_10",1
1,"1112_8",0
0,"5614_4",0
0,"8603_2",0
0,"3660_1",0
1,"11108_10",1
1,"1064_10",1
0,"10981_2",0
1,"9942_7",1
0,"8579_2",0
1,"6041_10",1
0,"11873_1",0
1,"7733_9",1
0,"2761_1",0
1,"10570_8",0
0,"3867_3",1
1,"5853_10",0
1,"6227_7",1
0,"380_4",0
0,"3001_3",0
1,"6592_10",1
0,"2603_1",0
1,"7549_7",1
1,"6466_10",1
0,"11793_3",0
0,"9213_3",0
0,"457_3",1
1,"10408_10",1
0,"11971_1",0
0,"5876_1",0
1,"167_7",1
0,"11365_1",0
0,"2185_1",0
1,"1349_8",1
0,"5650_2",0
0,"11902_4",0
0,"506_2",0
1,"3308_8",1
1,"3797_9",1
1,"9708_10",1
0,"80_3",0
0,"1247_4",1
1,"774_8",0
0,"7393_1",0
0,"11849_4",0
1,"5868_8",1
1,"299_10",1
0,"747_1",0
1,"12394_10",1
0,"10835_4",0
0,"11534_4",0
0,"2405_2",0
1,"5972_8",1
1,"12285_10",1
1,"4599_10",1
0,"3917_4",0
1,"7640_10",1
0,"9466_2",0
0,"205_4",0
0,"11087_4",0
0,"3756_1",0
0,"509_3",0
1,"11238_7",1
1,"8802_7",0
1,"5654_8",1
0,"563_4",1
1,"5046_10",0
1,"10335_8",1
0,"1694_1",0
1,"8960_10",1
1,"4989_8",1
0,"1184_3",0
0,"10421_2",1
1,"2058_9",1
0,"9216_3",0
1,"6221_7",1
1,"5735_7",0
1,"8232_10",1
0,"2520_2",0
0,"3733_1",0
1,"6156_10",1
1,"7902_10",1
0,"4235_4",0
1,"10932_7",1
0,"8880_3",0
1,"9952_8",1
1,"1143_7",1
0,"10493_4",0
0,"4324_1",0
1,"10172_8",1
1,"9026_9",1
0,"2082_1",0
1,"3134_8",1
0,"2176_1",0
1,"12181_8",1
0,"12296_3",0
1,"3307_8",1
1,"7853_9",1
0,"5374_3",0
1,"6409_7",1
0,"11447_1",0
0,"2268_1",0
0,"11665_3",1
1,"2305_10",1
0,"8625_4",0
0,"321_1",0
0,"10093_1",0
0,"5799_1",0
0,"8451_4",0
1,"4984_8",1
0,"8460_2",0
1,"784_10",1
0,"2944_1",0
1,"4101_8",0
0,"10402_1",0
0,"6920_2",0
1,"11852_10",1
0,"5779_3",0
0,"4735_3",0
0,"6421_1",0
1,"12189_7",0
1,"10436_8",1
1,"5837_7",1
0,"11628_4",0
1,"5565_8",0
0,"8214_4",0
0,"11712_1",0
1,"1886_10",1
1,"517_10",1
0,"10253_1",0
1,"7761_10",1
0,"4069_1",0
1,"7195_10",1
1,"7997_10",1
0,"5041_2",0
0,"11499_1",0
0,"6629_1",1
0,"7715_2",0
1,"6054_9",1
0,"11476_3",0
1,"10532_8",1
0,"10197_1",0
0,"12081_1",0
0,"7996_2",1
0,"8898_3",0
1,"1567_7",0
1,"9961_9",1
1,"4063_8",1
1,"1719_7",1
1,"9549_8",1
0,"7863_4",0
0,"11790_1",0
1,"10812_8",1
1,"5776_10",1
1,"6431_8",1
1,"10897_9",1
1,"172_10",1
0,"4824_2",0
0,"387_2",0
0,"2084_1",0
0,"9124_1",0
0,"5178_1",0
1,"5537_10",1
0,"606_4",0
0,"4821_4",0
1,"2268_10",1
1,"5611_10",0
1,"4252_9",1
1,"4841_7",0
1,"11823_9",1
0,"4965_3",0
1,"9006_7",1
1,"12324_10",1
1,"3805_8",1
0,"6349_4",0
1,"11905_8",1
1,"1906_10",1
0,"3182_1",0
1,"4039_10",1
1,"3784_9",1
1,"3802_10",1
1,"8085_7",0
0,"7412_3",0
1,"4952_7",1
1,"8874_8",0
0,"453_3",1
0,"12423_2",0
1,"7307_10",0
0,"6871_4",0
0,"4751_2",0
0,"11648_2",0
0,"6191_4",0
0,"1002_3",0
1,"9517_10",1
0,"3991_4",0
1,"1061_10",1
1,"6883_9",1
1,"10694_7",1
1,"6564_7",1
0,"12285_4",0
1,"5933_7",1
1,"3584_10",0
0,"462_2",0
1,"2421_9",0
0,"549_1",0
1,"5330_7",1
1,"3232_9",1
1,"4322_10",1
1,"5132_8",1
0,"10825_1",0
0,"1947_1",0
1,"29_10",1
1,"7066_8",1
1,"10519_9",1
0,"8771_4",0
0,"11120_2",0
0,"3264_1",0
0,"143_2",0
1,"7529_10",0
0,"8337_3",0
0,"7833_1",0
1,"11863_10",1
1,"11013_7",1
1,"7428_10",1
1,"833_8",1
1,"3814_7",0
1,"2982_8",1
1,"2211_8",1
1,"4753_10",1
0,"11626_1",0
1,"10783_10",1
1,"1677_9",1
1,"5820_7",1
1,"10451_10",1
0,"12065_3",0
0,"6891_3",0
0,"1572_1",0
1,"8865_10",1
1,"9896_8",0
0,"4123_3",0
1,"1505_9",1
0,"4593_1",1
1,"12382_8",0
0,"1334_4",0
0,"10807_1",0
1,"1769_8",1
0,"2274_2",0
0,"8546_3",0
1,"1169_8",1
1,"6927_10",1
0,"6982_4",0
0,"7023_1",1
0,"6881_1",0
1,"2732_8",1
0,"11934_1",0
1,"10487_7",1
0,"3634_1",0
0,"11917_4",0
0,"8177_3",1
1,"3387_10",1
1,"3426_7",1
0,"11667_1",1
0,"9208_1",0
0,"858_1",0
1,"4053_8",0
0,"5257_3",0
1,"361_10",1
0,"12335_3",1
0,"361_4",1
1,"7760_10",1
1,"393_8",1
0,"10817_3",1
1,"7102_7",0
0,"11160_1",0
1,"8360_9",1
1,"11369_8",0
1,"4873_8",1
1,"581_10",1
1,"4501_7",1
0,"10169_2",0
1,"6208_7",0
0,"8238_1",0
1,"4591_9",1
1,"6998_7",0
1,"11539_9",1
0,"9197_1",0
1,"9883_8",1
1,"9570_8",1
1,"12295_9",1
0,"10148_3",0
0,"9694_4",1
0,"7062_1",0
1,"3746_10",1
1,"8385_10",0
1,"6480_10",1
1,"843_10",1
0,"9935_1",0
1,"8053_8",1
1,"11253_9",1
1,"5729_9",1
1,"12035_8",1
0,"2437_3",0
1,"7850_8",1
1,"8370_10",1
1,"4917_8",1
0,"11582_1",0
1,"2942_10",1
0,"9004_1",0
1,"12300_10",1
1,"6939_9",1
0,"4487_1",0
1,"11675_10",1
1,"7981_10",1
1,"1225_10",1
0,"5373_4",0
0,"11289_4",0
0,"6488_1",0
1,"11789_10",1
1,"10802_8",0
0,"10856_2",0
0,"3433_3",0
0,"11703_1",0
0,"3018_2",0
1,"3210_8",0
0,"5729_1",0
1,"1013_9",1
1,"2846_10",0
1,"8658_8",1
0,"10095_1",0
1,"838_9",1
0,"5226_2",0
1,"8268_7",1
0,"9330_2",0
1,"12487_10",1
1,"7538_7",0
1,"9345_9",1
1,"6505_10",0
0,"9765_1",0
0,"1708_1",0
0,"5396_3",1
0,"6151_1",0
0,"232_1",0
1,"8966_10",1
1,"5155_9",1
1,"4236_8",0
0,"1870_1",1
1,"1698_10",1
1,"2553_7",0
0,"9907_4",1
1,"6698_10",1
1,"10736_10",1
1,"338_10",1
1,"9260_7",0
1,"2468_10",1
0,"223_1",0
1,"10743_9",0
0,"9472_1",0
0,"637_3",1
1,"4730_10",1
1,"6616_7",1
1,"2703_9",1
1,"5646_10",0
0,"7989_1",0
0,"9139_1",0
0,"10998_1",0
1,"4827_9",1
0,"8811_1",0
0,"10509_3",0
1,"11703_9",1
0,"5186_3",1
0,"1993_4",1
1,"8815_7",1
0,"6388_4",0
1,"6477_7",0
0,"11332_1",0
1,"10737_10",1
1,"10903_10",1
1,"3847_9",1
0,"11392_1",0
0,"8020_3",0
0,"5939_4",1
0,"7606_2",0
1,"6238_9",1
0,"12133_3",0
0,"5787_4",0
1,"2592_10",1
0,"9953_1",0
0,"1501_2",0
0,"3400_1",0
1,"6165_8",1
1,"5283_7",0
1,"1520_7",1
1,"9386_8",1
1,"5186_10",1
1,"5510_10",1
0,"6010_1",0
0,"2892_3",0
0,"8983_1",0
1,"6905_7",1
1,"12368_8",1
1,"11484_9",0
1,"2726_9",1
1,"6520_7",1
0,"7920_1",0
0,"5166_1",0
1,"6792_10",1
1,"5538_7",1
0,"830_1",0
0,"2672_4",0
1,"2903_9",1
1,"8940_9",1
0,"3225_3",0
0,"7378_4",0
0,"9157_1",0
0,"9244_3",0
1,"12277_10",1
0,"5385_1",0
1,"5823_10",1
1,"1600_7",1
1,"8931_9",1
1,"708_8",1
1,"4865_7",0
0,"7022_1",0
0,"5247_4",1
1,"10521_9",1
1,"2649_7",1
1,"3468_10",1
1,"9120_10",1
1,"2100_7",1
1,"8605_10",1
1,"5203_7",0
1,"10579_10",1
1,"2024_9",1
0,"12498_2",0
1,"901_8",1
0,"1919_3",0
1,"9714_10",1
0,"7850_3",0
1,"8768_8",1
0,"9014_1",0
0,"901_1",0
1,"11424_8",1
1,"11535_7",1
0,"11418_4",0
1,"976_8",1
1,"5409_10",1
1,"6421_8",1
1,"3076_8",1
1,"10621_10",1
1,"5989_7",1
0,"4260_2",0
0,"8605_4",0
0,"8065_3",0
0,"9515_2",0
1,"3481_10",1
0,"4038_1",0
1,"2238_9",1
1,"4843_7",1
0,"1415_4",1
0,"4436_1",0
0,"7123_2",0
1,"9086_7",0
1,"7279_9",1
0,"2141_2",0
0,"6943_1",0
1,"11856_10",1
0,"8448_3",0
0,"2172_2",0
0,"4139_1",1
1,"33_7",0
1,"8743_7",1
1,"11674_10",0
0,"2423_4",1
0,"10871_4",0
1,"10262_10",1
1,"8757_8",1
1,"1485_10",1
1,"2788_9",1
1,"3932_8",1
0,"2230_1",0
1,"12185_9",1
0,"7272_4",0
1,"7710_8",0
0,"12158_3",1
1,"11813_8",0
1,"4510_7",1
1,"4013_7",1
0,"2463_4",0
1,"7266_7",0
1,"4426_7",1
1,"8160_7",1
0,"5163_3",1
0,"10991_1",0
1,"6803_8",1
1,"8614_9",1
0,"8187_2",1
0,"10378_2",0
0,"1360_4",0
0,"1016_4",0
1,"198_8",1
1,"9330_8",1
0,"11356_3",0
1,"3727_10",1
0,"7889_3",0
1,"11208_8",0
0,"11409_1",0
0,"5923_4",1
1,"7072_9",1
1,"429_10",1
1,"1096_9",1
0,"10542_3",1
1,"4016_10",1
0,"11825_1",1
0,"10305_4",0
0,"1085_2",0
0,"11011_3",0
0,"8432_1",0
0,"977_1",0
1,"12198_10",0
0,"831_2",0
0,"501_2",0
1,"7998_9",0
0,"7331_2",0
1,"5065_7",1
0,"5784_4",1
1,"4585_10",1
0,"2767_1",0
0,"1670_1",0
0,"7625_1",0
1,"5470_10",1
1,"6713_10",0
0,"5483_2",0
0,"1730_1",0
1,"7345_7",1
0,"6493_2",0
0,"4795_2",0
1,"11912_10",0
0,"3157_4",0
1,"6235_8",1
0,"6612_1",0
1,"9753_10",1
0,"4994_4",0
1,"10157_10",1
0,"4944_3",0
0,"10261_1",0
1,"2549_8",1
0,"7269_3",1
0,"5700_1",0
0,"12361_4",0
0,"11543_1",0
0,"3892_2",0
0,"6839_2",0
1,"9690_10",1
0,"4401_1",0
0,"2226_4",0
1,"6452_9",1
1,"1662_7",1
1,"2356_10",1
1,"9005_8",1
1,"3520_9",1
0,"12388_4",0
0,"8089_4",0
0,"6284_4",0
0,"5065_2",0
1,"11343_8",1
0,"100_3",0
1,"4007_9",1
1,"11094_9",1
0,"5679_1",1
0,"1584_1",0
1,"5785_10",0
0,"211_4",0
1,"7570_10",1
0,"8493_1",0
0,"1681_4",0
0,"2829_1",0
1,"5637_10",1
0,"6925_3",1
1,"8318_10",1
1,"3739_10",1
0,"2931_4",1
0,"7707_4",0
1,"6413_7",1
0,"4218_3",0
0,"9180_1",0
1,"10633_9",1
0,"10912_3",0
1,"9986_9",1
1,"7643_7",0
0,"8717_2",0
0,"1852_2",1
0,"11241_1",0
0,"5458_4",0
1,"113_10",1
1,"4017_7",0
1,"7051_10",1
1,"8496_7",0
0,"11451_3",0
1,"9630_10",1
1,"6618_8",1
0,"8149_1",0
0,"5456_3",0
1,"12276_7",1
1,"9699_10",1
0,"4988_2",0
0,"3721_1",0
1,"6058_8",1
1,"10393_9",1
0,"1123_1",0
0,"6706_1",0
0,"432_4",0
1,"3384_8",1
1,"11993_9",1
0,"5259_1",0
1,"4149_10",1
0,"10464_1",0
0,"11326_4",0
1,"146_10",1
1,"3851_10",1
1,"4492_10",1
1,"550_10",1
0,"2968_1",0
0,"8633_4",0
1,"1642_10",1
0,"4941_2",0
0,"452_3",0
1,"3908_10",1
0,"10257_1",0
1,"4084_7",0
1,"8645_8",1
0,"5012_4",0
1,"6878_8",1
1,"3364_10",1
0,"2688_1",0
1,"5622_10",1
1,"7103_7",1
1,"8671_7",0
0,"8746_2",0
1,"6867_9",1
1,"3386_9",1
0,"2797_1",0
0,"7044_1",0
0,"8085_2",0
1,"2371_8",0
0,"7774_3",0
1,"6448_10",1
1,"4249_10",0
0,"2319_3",0
1,"7849_9",1
0,"6487_1",0
1,"5357_8",1
1,"10002_7",0
0,"9580_3",1
1,"750_8",1
0,"12420_3",0
0,"669_2",0
0,"2193_1",0
1,"2014_7",1
1,"875_10",1
1,"5756_8",1
1,"381_10",1
0,"6070_4",0
1,"7575_10",1
0,"126_1",0
1,"6021_7",1
0,"7177_1",0
0,"4041_1",0
1,"12349_10",1
1,"10081_9",1
1,"11894_10",1
0,"7915_4",0
1,"6879_10",1
1,"2383_9",0
0,"3446_1",0
0,"6764_4",1
1,"6892_8",0
0,"7923_1",0
1,"3709_7",1
0,"8009_1",0
1,"2698_8",1
0,"2633_1",0
0,"3234_4",0
0,"6661_3",0
0,"1854_2",0
0,"11167_1",0
1,"7903_10",1
1,"10821_8",1
1,"6808_8",0
0,"6529_3",0
0,"4088_1",0
1,"5620_10",1
1,"3464_10",1
0,"5108_1",1
1,"11103_10",0
1,"2959_10",1
1,"2593_10",1
1,"11953_8",1
1,"8350_9",1
0,"2363_1",0
0,"369_1",0
0,"9597_3",0
1,"2547_10",1
1,"12150_7",0
0,"10001_4",1
1,"10286_9",1
1,"11849_8",1
0,"1544_2",1
0,"10470_1",0
1,"12389_10",1
0,"280_2",0
0,"8346_1",0
1,"8083_7",1
0,"5191_2",0
0,"2956_1",0
1,"1138_10",1
1,"2401_8",1
0,"8827_4",0
0,"8093_3",0
1,"8710_7",1
0,"4902_4",0
1,"9895_8",0
1,"11944_10",1
0,"2096_3",0
1,"2028_10",1
1,"8090_9",1
0,"9846_1",0
0,"3132_4",1
0,"2916_1",0
1,"4776_8",0
1,"954_10",1
0,"7621_4",0
0,"7947_2",0
0,"8041_1",0
0,"5751_1",0
1,"11488_10",0
0,"8318_4",0
1,"8010_7",1
1,"3259_7",1
1,"2504_10",1
0,"10041_1",0
0,"7477_4",1
0,"6698_2",0
1,"182_10",1
0,"3966_4",0
1,"8478_8",1
1,"1341_10",1
0,"3654_1",1
1,"710_9",1
1,"2137_8",1
0,"2880_1",0
0,"25_1",0
1,"3809_9",1
0,"9573_1",0
0,"8362_1",0
0,"10740_4",1
1,"4493_9",1
1,"3578_7",1
0,"11759_3",0
1,"11963_10",1
0,"12268_1",0
0,"12446_3",1
0,"5049_3",0
1,"4320_8",1
1,"8465_8",1
1,"3793_7",1
1,"7015_8",1
0,"836_4",1
1,"4023_9",1
0,"3894_3",0
1,"5304_10",1
0,"8905_4",1
0,"7864_4",0
0,"9547_2",0
1,"4887_10",1
1,"5969_10",1
1,"802_10",1
0,"8004_2",0
0,"6830_4",0
0,"5284_4",0
1,"3260_8",1
0,"2819_3",0
1,"5949_10",1
1,"3781_7",1
0,"11261_4",0
0,"8057_1",0
0,"4184_4",0
1,"9261_7",1
0,"4086_1",0
1,"897_10",1
0,"5740_3",0
1,"3425_8",0
0,"893_2",0
1,"529_10",1
1,"2591_7",1
0,"8785_1",0
1,"6464_9",1
1,"160_9",1
0,"4752_1",0
1,"727_9",1
1,"5445_10",0
0,"9900_4",1
0,"5138_1",0
0,"18_3",1
0,"6594_1",0
1,"11052_9",0
1,"4139_8",0
0,"7086_1",0
1,"10566_8",1
1,"5407_7",1
0,"7449_1",1
0,"3941_3",1
0,"5673_1",0
0,"6693_1",0
1,"1736_10",1
0,"6732_4",0
1,"11316_8",1
0,"3566_4",1
1,"12386_8",1
0,"2379_1",0
1,"2344_9",1
0,"2673_3",0
1,"3511_8",1
0,"4225_2",0
1,"3369_7",1
0,"12227_1",0
1,"9032_8",1
1,"3090_10",0
1,"10917_8",1
1,"6026_8",1
0,"10298_4",0
0,"12308_3",1
1,"11098_10",1
0,"8835_1",0
1,"2328_10",1
1,"9477_9",1
1,"1204_10",1
1,"8790_8",1
0,"9614_4",0
0,"4542_1",0
0,"12416_3",0
1,"3448_7",1
0,"10882_2",0
0,"7500_3",1
1,"549_9",1
1,"4847_9",1
1,"11713_10",1
0,"2032_2",0
1,"8988_10",1
0,"12452_1",0
0,"4059_2",0
1,"5699_8",1
1,"9364_9",1
1,"8920_10",0
0,"2238_1",0
0,"5224_1",0
1,"412_8",1
1,"1500_9",1
1,"12003_10",1
1,"6613_7",0
0,"11232_1",0
0,"12481_1",0
0,"9763_4",0
0,"4342_1",0
0,"9793_1",0
0,"4633_3",0
0,"277_4",0
0,"2692_1",0
1,"1899_7",1
1,"7420_7",1
0,"8088_3",0
1,"6521_7",1
0,"1869_2",1
1,"7424_10",1
0,"4516_2",0
1,"9880_10",1
0,"8739_1",0
1,"9598_10",1
1,"3106_8",1
0,"7745_1",0
0,"9919_3",0
1,"1735_10",1
1,"3336_7",0
0,"6389_2",0
1,"3277_9",1
1,"12071_8",0
1,"499_8",0
1,"11831_7",1
1,"6149_7",0
0,"7484_1",0
0,"8421_4",1
1,"9073_10",1
1,"8712_8",1
0,"7379_2",1
0,"2930_1",1
1,"10699_9",1
0,"3256_4",0
1,"123_10",0
1,"11436_9",1
0,"1455_1",0
1,"6560_7",1
1,"186_8",1
1,"10249_7",1
1,"5898_8",1
0,"11396_2",0
1,"11251_10",1
0,"1241_1",0
1,"11609_10",1
1,"11411_8",1
0,"5405_1",0
1,"8477_10",1
0,"6269_1",0
0,"7847_3",0
0,"1910_1",0
1,"5266_10",1
1,"8434_9",1
1,"12269_8",1
1,"10084_10",1
1,"8536_9",1
0,"11557_1",0
1,"118_8",1
0,"9611_3",0
1,"9557_7",1
1,"3724_9",1
0,"7139_1",0
1,"5017_8",1
0,"10078_1",0
1,"793_9",1
0,"11280_3",0
1,"9332_10",1
1,"6468_7",1
0,"5309_1",0
1,"7276_8",1
0,"8733_1",0
0,"4879_3",0
0,"4905_1",0
1,"9_7",1
1,"2041_7",0
1,"11474_10",1
1,"9674_9",1
0,"3854_1",0
1,"688_9",1
0,"6222_1",0
0,"5667_2",0
0,"2244_1",0
1,"4107_10",1
1,"3460_8",1
1,"11527_7",1
0,"9089_2",0
0,"6599_1",0
0,"2486_3",0
0,"7243_2",0
1,"1058_10",1
0,"11831_3",0
1,"10008_7",1
1,"11012_9",1
1,"11466_10",1
1,"3976_10",1
0,"1192_1",0
0,"2661_2",0
1,"12194_10",1
0,"3429_4",0
1,"9221_7",0
1,"10043_10",1
0,"12402_2",0
0,"6983_3",0
1,"8069_8",1
1,"2783_8",1
1,"4681_7",1
0,"4053_4",1
1,"8467_7",0
1,"9781_8",1
1,"10715_8",1
1,"11994_10",1
0,"167_1",1
1,"5318_7",0
0,"6548_1",0
1,"4663_8",1
0,"8274_1",0
0,"2489_2",0
0,"3995_1",1
0,"5125_1",0
0,"8897_3",0
1,"7958_10",1
1,"11836_10",1
1,"8842_9",1
1,"7_7",1
1,"4122_10",1
0,"5505_1",0
0,"4176_2",0
1,"10258_10",0
0,"9081_1",0
0,"10046_1",0
0,"7271_4",0
0,"9790_4",1
1,"3313_10",1
1,"1921_9",1
1,"12275_9",1
0,"9922_4",0
1,"8652_8",1
0,"2116_4",0
1,"6779_8",1
0,"12259_1",0
0,"5176_1",0
0,"9640_2",0
0,"4509_3",1
0,"1903_1",0
0,"2651_4",0
1,"8838_9",1
1,"8938_9",1
0,"3067_1",0
0,"1768_4",0
1,"8030_9",1
0,"9773_1",0
0,"7708_1",1
0,"8828_4",0
0,"3116_2",0
0,"8118_3",0
0,"7389_2",0
1,"7550_9",1
1,"1019_10",1
1,"10091_7",1
1,"8015_10",1
1,"12298_8",1
0,"8684_1",0
1,"1630_8",0
1,"5728_10",0
1,"775_7",1
1,"7741_9",1
0,"5468_2",0
0,"5629_2",0
0,"8690_3",0
0,"912_3",0
1,"8607_9",1
0,"2561_3",0
0,"11367_2",0
0,"8825_1",0
0,"10244_2",0
0,"7414_3",1
1,"7325_9",1
0,"1599_1",0
1,"2577_10",1
0,"11638_4",0
0,"5493_3",1
0,"12305_2",0
1,"452_10",1
1,"7187_8",1
0,"11621_4",0
1,"7303_10",1
0,"1314_1",0
1,"3715_7",1
1,"3807_8",1
1,"2332_10",1
0,"6371_4",0
0,"6701_3",1
0,"8132_3",0
0,"5313_4",0
1,"4296_9",1
1,"10879_10",1
0,"5381_4",1
1,"9137_10",1
0,"10948_1",0
1,"1586_7",1
1,"3441_8",1
1,"602_10",1
0,"4462_4",0
1,"10817_10",0
1,"8198_7",0
0,"2526_3",0
0,"12124_1",0
0,"7762_4",0
0,"919_1",0
0,"3969_1",0
0,"4290_2",0
0,"8378_1",0
0,"2813_1",0
1,"8093_7",0
0,"857_1",0
0,"8476_1",0
0,"508_3",1
1,"961_9",1
0,"3161_1",0
1,"5982_9",0
0,"7813_1",0
0,"11489_3",0
0,"2129_4",0
1,"1163_7",0
0,"11225_3",1
1,"6293_10",1
0,"3604_2",0
0,"6662_1",0
0,"8548_3",1
0,"2408_2",0
0,"11151_3",0
1,"2168_8",1
0,"5840_1",0
1,"11937_8",1
0,"1202_2",1
1,"3154_10",1
1,"7131_9",1
0,"11005_1",0
1,"9318_9",1
0,"7812_1",0
0,"1400_1",0
1,"7358_10",1
1,"9481_9",1
1,"11049_8",1
0,"4611_1",0
1,"12329_10",1
0,"5744_2",0
0,"3738_2",0
1,"3750_10",1
0,"11828_3",0
0,"4964_2",0
1,"370_10",1
0,"7831_1",0
0,"2425_4",0
1,"5311_7",1
1,"8347_10",1
0,"10431_1",1
1,"61_10",1
0,"9924_2",0
0,"2889_1",0
1,"4204_10",1
0,"7720_4",0
0,"847_3",0
1,"5814_8",0
0,"8501_1",0
1,"5948_8",1
0,"1953_2",0
0,"1873_3",0
1,"9248_9",1
1,"7834_8",0
0,"9045_1",0
0,"10559_3",0
1,"8633_8",1
0,"8097_4",0
1,"4558_9",1
0,"357_2",0
0,"5181_3",0
0,"9367_2",0
1,"9701_10",1
1,"11650_9",1
1,"9715_7",1
0,"7941_2",1
0,"5173_3",0
1,"10558_10",1
1,"1030_10",1
0,"1374_1",0
0,"656_3",0
1,"7207_7",0
0,"7117_1",0
1,"2163_10",0
1,"3333_8",0
0,"8430_3",1
0,"3360_1",0
1,"12323_10",1
1,"9710_10",1
0,"8993_2",1
1,"4168_7",1
1,"8130_10",1
0,"8241_2",0
1,"9643_10",1
0,"9413_2",0
1,"6743_9",0
0,"11797_1",0
0,"600_1",0
1,"10979_9",0
0,"5465_1",0
1,"4559_10",0
1,"10156_10",1
0,"9687_3",0
1,"11966_10",1
1,"11283_8",1
0,"9879_3",1
1,"11031_8",1
0,"5050_1",0
0,"10567_2",0
1,"10845_10",1
1,"8452_7",1
0,"7196_4",0
0,"10448_1",0
0,"6282_4",0
1,"5290_10",1
1,"7473_9",0
0,"4365_1",0
0,"8237_1",0
1,"6636_8",1
0,"3211_1",0
0,"7679_4",1
1,"3120_8",1
1,"5116_10",1
0,"5570_4",0
1,"1720_10",1
0,"2898_1",0
1,"8747_7",0
0,"11165_1",0
0,"4455_3",0
1,"8685_9",1
0,"8069_1",0
1,"1104_8",1
1,"12266_9",1
1,"4363_8",1
1,"442_9",1
0,"6148_1",1
0,"7841_4",0
0,"2216_1",0
0,"1618_3",0
0,"1295_1",0
1,"8179_7",1
1,"7286_8",1
0,"6761_2",0
0,"5772_1",0
0,"7696_2",0
1,"8384_7",1
0,"3559_2",0
0,"10737_3",0
1,"12478_9",1
0,"265_1",0
0,"3053_1",0
1,"6770_10",1
0,"9051_3",0
1,"10940_10",1
1,"9854_7",1
1,"10617_8",1
0,"9520_4",1
1,"2105_8",1
1,"5024_8",1
1,"5408_7",1
0,"6666_4",0
0,"11018_1",0
1,"9609_7",1
1,"8621_10",1
0,"9222_4",1
0,"6936_2",0
1,"7859_7",0
0,"9634_4",0
1,"1245_7",0
